Date,Close
2010-01-04,64.68000030517578
2010-01-05,63.93000030517578
2010-01-06,64.44999694824219
2010-01-07,63.9900016784668
2010-01-08,64.20999908447266
2010-01-11,64.22000122070312
2010-01-12,64.55999755859375
2010-01-13,64.97000122070312
2010-01-14,65.0999984741211
2010-01-15,64.55999755859375
2010-01-19,65.3499984741211
2010-01-20,65.1500015258789
2010-01-21,63.970001220703125
2010-01-22,63.20000076293945
2010-01-25,63.220001220703125
2010-01-26,62.790000915527344
2010-01-27,63.43999862670898
2010-01-28,63.79999923706055
2010-01-29,62.86000061035156
2010-02-01,63.09000015258789
2010-02-02,63.9900016784668
2010-02-03,63.630001068115234
2010-02-04,62.63999938964844
2010-02-05,62.63999938964844
2010-02-08,62.369998931884766
2010-02-09,62.7599983215332
2010-02-10,62.72999954223633
2010-02-11,62.90999984741211
2010-02-12,62.720001220703125
2010-02-16,63.61000061035156
2010-02-17,63.97999954223633
2010-02-18,64.52999877929688
2010-02-19,63.810001373291016
2010-02-22,63.4900016784668
2010-02-23,63.310001373291016
2010-02-24,63.45000076293945
2010-02-25,63.27999877929688
2010-02-26,63.0
2010-03-01,63.38999938964844
2010-03-02,63.43999862670898
2010-03-03,63.400001525878906
2010-03-04,63.56999969482422
2010-03-05,64.04000091552734
2010-03-08,64.19999694824219
2010-03-09,64.2699966430664
2010-03-10,64.29000091552734
2010-03-11,64.22000122070312
2010-03-12,64.18000030517578
2010-03-15,64.56999969482422
2010-03-16,64.52999877929688
2010-03-17,64.6500015258789
2010-03-18,65.05999755859375
2010-03-19,65.11000061035156
2010-03-22,65.0999984741211
2010-03-23,65.36000061035156
2010-03-24,64.75
2010-03-25,64.56999969482422
2010-03-26,64.37999725341797
2010-03-29,64.81999969482422
2010-03-30,64.9000015258789
2010-03-31,65.19999694824219
2010-04-01,65.7699966430664
2010-04-05,65.4000015258789
2010-04-06,65.30999755859375
2010-04-07,65.22000122070312
2010-04-08,64.93000030517578
2010-04-09,65.13999938964844
2010-04-12,65.11000061035156
2010-04-13,65.68000030517578
2010-04-14,65.48999786376953
2010-04-15,65.51000213623047
2010-04-16,65.0199966430664
2010-04-19,66.02999877929688
2010-04-20,65.98999786376953
2010-04-21,65.38999938964844
2010-04-22,64.77999877929688
2010-04-23,65.04000091552734
2010-04-26,64.76000213623047
2010-04-27,64.27999877929688
2010-04-28,64.62000274658203
2010-04-29,65.01000213623047
2010-04-30,64.30000305175781
2010-05-03,65.33000183105469
2010-05-04,64.69999694824219
2010-05-05,65.13999938964844
2010-05-06,63.400001525878906
2010-05-07,63.310001373291016
2010-05-10,64.75
2010-05-11,64.66999816894531
2010-05-12,64.9000015258789
2010-05-13,64.66999816894531
2010-05-14,63.970001220703125
2010-05-17,63.880001068115234
2010-05-18,62.970001220703125
2010-05-19,62.220001220703125
2010-05-20,60.54999923706055
2010-05-21,60.880001068115234
2010-05-24,60.56999969482422
2010-05-25,60.34999847412109
2010-05-26,59.65999984741211
2010-05-27,59.02999877929688
2010-05-28,58.29999923706055
2010-06-01,58.7599983215332
2010-06-02,59.72999954223633
2010-06-03,59.77000045776367
2010-06-04,58.0099983215332
2010-06-07,58.0
2010-06-08,58.63999938964844
2010-06-09,58.16999816894531
2010-06-10,58.5
2010-06-11,58.459999084472656
2010-06-14,58.41999816894531
2010-06-15,59.13999938964844
2010-06-16,59.2400016784668
2010-06-17,59.18000030517578
2010-06-18,59.18000030517578
2010-06-21,59.130001068115234
2010-06-22,59.15999984741211
2010-06-23,59.2400016784668
2010-06-24,59.59999847412109
2010-06-25,58.70000076293945
2010-06-28,59.45000076293945
2010-06-29,59.2400016784668
2010-06-30,59.060001373291016
2010-07-01,59.06999969482422
2010-07-02,59.08000183105469
2010-07-06,59.08000183105469
2010-07-07,60.61000061035156
2010-07-08,61.380001068115234
2010-07-09,60.540000915527344
2010-07-12,60.209999084472656
2010-07-13,60.5
2010-07-14,60.619998931884766
2010-07-15,60.2599983215332
2010-07-16,59.43999862670898
2010-07-19,59.56999969482422
2010-07-20,58.58000183105469
2010-07-21,57.119998931884766
2010-07-22,57.02000045776367
2010-07-23,57.630001068115234
2010-07-26,57.7400016784668
2010-07-27,58.09999847412109
2010-07-28,57.83000183105469
2010-07-29,57.83000183105469
2010-07-30,58.09000015258789
2010-08-02,58.720001220703125
2010-08-03,59.34999847412109
2010-08-04,59.7400016784668
2010-08-05,59.7599983215332
2010-08-06,59.959999084472656
2010-08-09,60.04999923706055
2010-08-10,59.43000030517578
2010-08-11,58.5
2010-08-12,58.52000045776367
2010-08-13,58.150001525878906
2010-08-16,58.0099983215332
2010-08-17,59.220001220703125
2010-08-18,59.34999847412109
2010-08-19,58.720001220703125
2010-08-20,58.7400016784668
2010-08-23,58.869998931884766
2010-08-24,58.0099983215332
2010-08-25,57.97999954223633
2010-08-26,57.79999923706055
2010-08-27,57.59999847412109
2010-08-30,57.29999923706055
2010-08-31,57.02000045776367
2010-09-01,58.290000915527344
2010-09-02,58.61000061035156
2010-09-03,58.93000030517578
2010-09-07,58.70000076293945
2010-09-08,58.84999847412109
2010-09-09,59.81999969482422
2010-09-10,59.97999954223633
2010-09-13,60.31999969482422
2010-09-14,60.58000183105469
2010-09-15,61.04999923706055
2010-09-16,61.290000915527344
2010-09-17,61.56999969482422
2010-09-20,62.09000015258789
2010-09-21,61.93999862670898
2010-09-22,61.970001220703125
2010-09-23,61.810001373291016
2010-09-24,62.13999938964844
2010-09-27,62.02999877929688
2010-09-28,62.43000030517578
2010-09-29,62.310001373291016
2010-09-30,61.959999084472656
2010-10-01,61.75
2010-10-04,61.66999816894531
2010-10-05,62.79999923706055
2010-10-06,63.209999084472656
2010-10-07,63.220001220703125
2010-10-08,63.22999954223633
2010-10-11,63.29999923706055
2010-10-12,63.290000915527344
2010-10-13,63.58000183105469
2010-10-14,63.7400016784668
2010-10-15,63.56999969482422
2010-10-18,63.86000061035156
2010-10-19,63.290000915527344
2010-10-20,63.59999847412109
2010-10-21,63.9900016784668
2010-10-22,63.810001373291016
2010-10-25,63.97999954223633
2010-10-26,63.84000015258789
2010-10-27,63.56999969482422
2010-10-28,63.560001373291016
2010-10-29,63.7400016784668
2010-11-01,63.68999862670898
2010-11-02,63.880001068115234
2010-11-03,64.19000244140625
2010-11-04,64.76000213623047
2010-11-05,64.6500015258789
2010-11-08,64.33000183105469
2010-11-09,64.30999755859375
2010-11-10,63.95000076293945
2010-11-11,63.91999816894531
2010-11-12,63.66999816894531
2010-11-15,64.13999938964844
2010-11-16,63.13999938964844
2010-11-17,63.060001373291016
2010-11-18,63.83000183105469
2010-11-19,63.83000183105469
2010-11-22,63.619998931884766
2010-11-23,62.869998931884766
2010-11-24,63.290000915527344
2010-11-26,62.29999923706055
2010-11-29,61.90999984741211
2010-11-30,61.54999923706055
2010-12-01,62.41999816894531
2010-12-02,62.59999847412109
2010-12-03,62.560001373291016
2010-12-06,62.20000076293945
2010-12-07,62.310001373291016
2010-12-08,62.45000076293945
2010-12-09,62.060001373291016
2010-12-10,61.90999984741211
2010-12-13,61.86000061035156
2010-12-14,62.77000045776367
2010-12-15,62.56999969482422
2010-12-16,62.400001525878906
2010-12-17,62.540000915527344
2010-12-20,62.4900016784668
2010-12-21,62.34000015258789
2010-12-22,62.02000045776367
2010-12-23,62.25
2010-12-27,61.93000030517578
2010-12-28,62.04999923706055
2010-12-29,62.130001068115234
2010-12-30,61.93999862670898
2010-12-31,61.84999847412109
2011-01-03,62.81999969482422
2011-01-04,63.34999847412109
2011-01-05,63.310001373291016
2011-01-06,63.209999084472656
2011-01-07,62.59999847412109
2011-01-10,62.15999984741211
2011-01-11,62.27000045776367
2011-01-12,62.5
2011-01-13,62.90999984741211
2011-01-14,62.54999923706055
2011-01-18,62.09999847412109
2011-01-19,62.560001373291016
2011-01-20,62.86000061035156
2011-01-21,62.65999984741211
2011-01-24,62.220001220703125
2011-01-25,61.08000183105469
2011-01-26,60.59999847412109
2011-01-27,60.68000030517578
2011-01-28,60.0099983215332
2011-01-31,59.77000045776367
2011-02-01,60.630001068115234
2011-02-02,60.619998931884766
2011-02-03,60.79999923706055
2011-02-04,60.84000015258789
2011-02-07,60.869998931884766
2011-02-08,60.93999862670898
2011-02-09,60.880001068115234
2011-02-10,60.93000030517578
2011-02-11,60.70000076293945
2011-02-14,60.70000076293945
2011-02-15,60.619998931884766
2011-02-16,60.52000045776367
2011-02-17,60.790000915527344
2011-02-18,61.11000061035156
2011-02-22,60.650001525878906
2011-02-23,60.38999938964844
2011-02-24,60.25
2011-02-25,59.63999938964844
2011-02-28,61.43999862670898
2011-03-01,60.70000076293945
2011-03-02,60.810001373291016
2011-03-03,61.04999923706055
2011-03-04,61.060001373291016
2011-03-07,60.400001525878906
2011-03-08,60.709999084472656
2011-03-09,60.400001525878906
2011-03-10,59.61000061035156
2011-03-11,59.68999862670898
2011-03-14,59.130001068115234
2011-03-15,58.47999954223633
2011-03-16,57.65999984741211
2011-03-17,58.130001068115234
2011-03-18,58.56999969482422
2011-03-21,58.83000183105469
2011-03-22,58.790000915527344
2011-03-23,58.720001220703125
2011-03-24,59.02999877929688
2011-03-25,58.97999954223633
2011-03-28,59.2400016784668
2011-03-29,59.220001220703125
2011-03-30,59.380001068115234
2011-03-31,59.25
2011-04-01,59.4900016784668
2011-04-04,60.150001525878906
2011-04-05,59.79999923706055
2011-04-06,59.65999984741211
2011-04-07,59.47999954223633
2011-04-08,59.459999084472656
2011-04-11,59.86000061035156
2011-04-12,59.93999862670898
2011-04-13,59.59999847412109
2011-04-14,60.02000045776367
2011-04-15,60.560001373291016
2011-04-18,60.459999084472656
2011-04-19,62.68999862670898
2011-04-20,64.38999938964844
2011-04-21,64.06999969482422
2011-04-25,64.11000061035156
2011-04-26,64.94999694824219
2011-04-27,65.56999969482422
2011-04-28,65.37999725341797
2011-04-29,65.72000122070312
2011-05-02,66.20999908447266
2011-05-03,66.26000213623047
2011-05-04,65.66999816894531
2011-05-05,65.01000213623047
2011-05-06,65.2699966430664
2011-05-09,65.62999725341797
2011-05-10,65.76000213623047
2011-05-11,66.56999969482422
2011-05-12,67.19000244140625
2011-05-13,66.62000274658203
2011-05-16,66.37000274658203
2011-05-17,66.4000015258789
2011-05-18,66.5
2011-05-19,66.38999938964844
2011-05-20,65.69000244140625
2011-05-23,65.55999755859375
2011-05-24,65.77999877929688
2011-05-25,66.29000091552734
2011-05-26,65.51000213623047
2011-05-27,66.7699966430664
2011-05-31,67.29000091552734
2011-06-01,66.4800033569336
2011-06-02,66.4800033569336
2011-06-03,66.08999633789062
2011-06-06,66.05000305175781
2011-06-07,65.5
2011-06-08,66.13999938964844
2011-06-09,66.77999877929688
2011-06-10,66.08999633789062
2011-06-13,66.58999633789062
2011-06-14,67.0999984741211
2011-06-15,66.16000366210938
2011-06-16,66.31999969482422
2011-06-17,66.29000091552734
2011-06-20,66.51000213623047
2011-06-21,66.48999786376953
2011-06-22,66.06999969482422
2011-06-23,65.66999816894531
2011-06-24,65.05999755859375
2011-06-27,65.25
2011-06-28,65.91000366210938
2011-06-29,66.30999755859375
2011-06-30,66.5199966430664
2011-07-01,67.30000305175781
2011-07-05,67.62000274658203
2011-07-06,67.55000305175781
2011-07-07,67.91999816894531
2011-07-08,67.56999969482422
2011-07-11,67.2699966430664
2011-07-12,67.02999877929688
2011-07-13,67.62999725341797
2011-07-14,67.66000366210938
2011-07-15,67.44999694824219
2011-07-18,67.08999633789062
2011-07-19,66.72000122070312
2011-07-20,66.23999786376953
2011-07-21,66.47000122070312
2011-07-22,66.72000122070312
2011-07-25,66.25
2011-07-26,65.91999816894531
2011-07-27,65.2300033569336
2011-07-28,65.08000183105469
2011-07-29,64.79000091552734
2011-08-01,64.41000366210938
2011-08-02,63.43000030517578
2011-08-03,63.40999984741211
2011-08-04,61.84000015258789
2011-08-05,62.709999084472656
2011-08-08,61.119998931884766
2011-08-09,62.20000076293945
2011-08-10,60.20000076293945
2011-08-11,63.43999862670898
2011-08-12,63.36000061035156
2011-08-15,64.58999633789062
2011-08-16,64.36000061035156
2011-08-17,64.26000213623047
2011-08-18,63.15999984741211
2011-08-19,63.13999938964844
2011-08-22,63.290000915527344
2011-08-23,64.97000122070312
2011-08-24,65.52999877929688
2011-08-25,64.55000305175781
2011-08-26,64.27999877929688
2011-08-29,65.86000061035156
2011-08-30,65.7699966430664
2011-08-31,65.80000305175781
2011-09-01,65.33000183105469
2011-09-02,64.06999969482422
2011-09-06,64.63999938964844
2011-09-07,65.43000030517578
2011-09-08,64.94999694824219
2011-09-09,63.63999938964844
2011-09-12,63.59000015258789
2011-09-13,63.61000061035156
2011-09-14,63.72999954223633
2011-09-15,64.4000015258789
2011-09-16,64.58999633789062
2011-09-19,64.13999938964844
2011-09-20,64.22000122070312
2011-09-21,63.130001068115234
2011-09-22,61.91999816894531
2011-09-23,61.59000015258789
2011-09-26,62.68999862670898
2011-09-27,63.81999969482422
2011-09-28,63.25
2011-09-29,63.900001525878906
2011-09-30,63.68999862670898
2011-10-03,62.08000183105469
2011-10-04,62.16999816894531
2011-10-05,62.34999847412109
2011-10-06,62.810001373291016
2011-10-07,63.130001068115234
2011-10-10,64.43000030517578
2011-10-11,63.959999084472656
2011-10-12,64.33000183105469
2011-10-13,64.2300033569336
2011-10-14,64.72000122070312
2011-10-17,63.790000915527344
2011-10-18,64.41999816894531
2011-10-19,62.63999938964844
2011-10-20,62.52999877929688
2011-10-21,63.77999877929688
2011-10-24,64.7300033569336
2011-10-25,63.68999862670898
2011-10-26,64.48999786376953
2011-10-27,65.5
2011-10-28,65.5999984741211
2011-10-31,64.38999938964844
2011-11-01,63.380001068115234
2011-11-02,63.63999938964844
2011-11-03,64.33999633789062
2011-11-04,64.12000274658203
2011-11-07,64.0
2011-11-08,64.86000061035156
2011-11-09,63.52999877929688
2011-11-10,64.12000274658203
2011-11-11,65.25
2011-11-14,64.91000366210938
2011-11-15,64.98999786376953
2011-11-16,64.4000015258789
2011-11-17,63.93999862670898
2011-11-18,63.84999847412109
2011-11-21,62.93999862670898
2011-11-22,62.900001525878906
2011-11-23,61.9900016784668
2011-11-25,61.27000045776367
2011-11-28,62.369998931884766
2011-11-29,62.77999877929688
2011-11-30,64.72000122070312
2011-12-01,64.44999694824219
2011-12-02,63.470001220703125
2011-12-05,63.36000061035156
2011-12-06,63.4900016784668
2011-12-07,64.44999694824219
2011-12-08,63.77999877929688
2011-12-09,64.52999877929688
2011-12-12,63.5099983215332
2011-12-13,63.36000061035156
2011-12-14,63.18000030517578
2011-12-15,64.0
2011-12-16,64.30000305175781
2011-12-19,63.52999877929688
2011-12-20,64.5199966430664
2011-12-21,64.95999908447266
2011-12-22,65.18000030517578
2011-12-23,65.9800033569336
2011-12-27,66.0199966430664
2011-12-28,65.44999694824219
2011-12-29,65.87999725341797
2011-12-30,65.58000183105469
2012-01-03,65.87999725341797
2012-01-04,65.4800033569336
2012-01-05,65.4000015258789
2012-01-06,64.83000183105469
2012-01-09,64.93000030517578
2012-01-10,65.19999694824219
2012-01-11,65.12999725341797
2012-01-12,65.2300033569336
2012-01-13,65.26000213623047
2012-01-17,65.12000274658203
2012-01-18,65.27999877929688
2012-01-19,65.19000244140625
2012-01-20,65.2699966430664
2012-01-23,65.0
2012-01-24,65.0
2012-01-25,65.22000122070312
2012-01-26,65.69999694824219
2012-01-27,65.55999755859375
2012-01-30,65.70999908447266
2012-01-31,65.91000366210938
2012-02-01,65.69000244140625
2012-02-02,65.58999633789062
2012-02-03,65.63999938964844
2012-02-06,65.19000244140625
2012-02-07,65.26000213623047
2012-02-08,65.23999786376953
2012-02-09,64.88999938964844
2012-02-10,64.5999984741211
2012-02-13,64.68000030517578
2012-02-14,64.61000061035156
2012-02-15,64.6500015258789
2012-02-16,64.91999816894531
2012-02-17,64.98999786376953
2012-02-21,65.04000091552734
2012-02-22,65.0
2012-02-23,65.0999984741211
2012-02-24,64.45999908447266
2012-02-27,64.44999694824219
2012-02-28,65.18000030517578
2012-02-29,65.08000183105469
2012-03-01,64.83000183105469
2012-03-02,64.7699966430664
2012-03-05,64.91000366210938
2012-03-06,64.3499984741211
2012-03-07,64.30000305175781
2012-03-08,64.8499984741211
2012-03-09,64.73999786376953
2012-03-12,65.0999984741211
2012-03-13,65.33000183105469
2012-03-14,65.08000183105469
2012-03-15,65.06999969482422
2012-03-16,65.12000274658203
2012-03-19,65.20999908447266
2012-03-20,64.95999908447266
2012-03-21,64.76000213623047
2012-03-22,64.45999908447266
2012-03-23,64.55000305175781
2012-03-26,65.16999816894531
2012-03-27,65.4000015258789
2012-03-28,65.62000274658203
2012-03-29,65.54000091552734
2012-03-30,65.95999908447266
2012-04-02,66.20999908447266
2012-04-03,65.87999725341797
2012-04-04,65.38999938964844
2012-04-05,65.33999633789062
2012-04-09,64.91999816894531
2012-04-10,64.19999694824219
2012-04-11,64.12999725341797
2012-04-12,64.1500015258789
2012-04-13,63.540000915527344
2012-04-16,63.97999954223633
2012-04-17,64.22000122070312
2012-04-18,63.2599983215332
2012-04-19,63.02999877929688
2012-04-20,63.709999084472656
2012-04-23,63.369998931884766
2012-04-24,63.77000045776367
2012-04-25,64.43000030517578
2012-04-26,64.75
2012-04-27,64.83999633789062
2012-04-30,65.0999984741211
2012-05-01,65.22000122070312
2012-05-02,65.33000183105469
2012-05-03,65.33999633789062
2012-05-04,64.73999786376953
2012-05-07,64.80000305175781
2012-05-08,64.9800033569336
2012-05-09,64.27999877929688
2012-05-10,64.56999969482422
2012-05-11,64.33999633789062
2012-05-14,63.93000030517578
2012-05-15,63.61000061035156
2012-05-16,63.709999084472656
2012-05-17,63.54999923706055
2012-05-18,63.34999847412109
2012-05-21,63.470001220703125
2012-05-22,63.52000045776367
2012-05-23,63.27000045776367
2012-05-24,63.09999847412109
2012-05-25,62.5099983215332
2012-05-29,62.59000015258789
2012-05-30,62.209999084472656
2012-05-31,62.43000030517578
2012-06-01,61.77999877929688
2012-06-04,62.34000015258789
2012-06-05,62.209999084472656
2012-06-06,62.79999923706055
2012-06-07,62.79999923706055
2012-06-08,62.97999954223633
2012-06-11,62.119998931884766
2012-06-12,63.08000183105469
2012-06-13,64.44999694824219
2012-06-14,65.44999694824219
2012-06-15,66.01000213623047
2012-06-18,66.30000305175781
2012-06-19,66.72000122070312
2012-06-20,67.0
2012-06-21,66.38999938964844
2012-06-22,66.62999725341797
2012-06-25,66.5
2012-06-26,66.41999816894531
2012-06-27,66.83999633789062
2012-06-28,66.94000244140625
2012-06-29,67.55999755859375
2012-07-02,68.0
2012-07-03,68.04000091552734
2012-07-05,67.77999877929688
2012-07-06,67.63999938964844
2012-07-09,67.77999877929688
2012-07-10,67.87999725341797
2012-07-11,67.9000015258789
2012-07-12,67.70999908447266
2012-07-13,68.61000061035156
2012-07-16,68.44999694824219
2012-07-17,69.0
2012-07-18,69.37000274658203
2012-07-19,69.52999877929688
2012-07-20,68.62999725341797
2012-07-23,68.11000061035156
2012-07-24,67.3499984741211
2012-07-25,67.52999877929688
2012-07-26,68.73999786376953
2012-07-27,69.5199966430664
2012-07-30,69.44999694824219
2012-07-31,69.22000122070312
2012-08-01,69.37999725341797
2012-08-02,68.44999694824219
2012-08-03,69.12000274658203
2012-08-06,68.83999633789062
2012-08-07,68.29000091552734
2012-08-08,68.3499984741211
2012-08-09,68.31999969482422
2012-08-10,68.63999938964844
2012-08-13,68.45999908447266
2012-08-14,68.63999938964844
2012-08-15,68.3499984741211
2012-08-16,68.19999694824219
2012-08-17,67.80000305175781
2012-08-20,67.69999694824219
2012-08-21,67.77999877929688
2012-08-22,67.75
2012-08-23,67.73999786376953
2012-08-24,67.5999984741211
2012-08-27,67.48999786376953
2012-08-28,67.51000213623047
2012-08-29,67.37000274658203
2012-08-30,67.20999908447266
2012-08-31,67.43000030517578
2012-09-04,67.26000213623047
2012-09-05,67.2699966430664
2012-09-06,67.83999633789062
2012-09-07,67.87999725341797
2012-09-10,68.18000030517578
2012-09-11,68.19999694824219
2012-09-12,68.1500015258789
2012-09-13,68.98999786376953
2012-09-14,68.47000122070312
2012-09-17,68.25
2012-09-18,68.55000305175781
2012-09-19,68.5999984741211
2012-09-20,68.9000015258789
2012-09-21,69.05999755859375
2012-09-24,69.0
2012-09-25,69.31999969482422
2012-09-26,69.0
2012-09-27,69.01000213623047
2012-09-28,68.91000366210938
2012-10-01,69.12999725341797
2012-10-02,68.95999908447266
2012-10-03,69.0
2012-10-04,69.2699966430664
2012-10-05,69.6500015258789
2012-10-08,69.44000244140625
2012-10-09,68.41000366210938
2012-10-10,68.22000122070312
2012-10-11,67.97000122070312
2012-10-12,67.97000122070312
2012-10-15,68.5999984741211
2012-10-16,69.55000305175781
2012-10-17,71.0
2012-10-18,72.5199966430664
2012-10-19,71.86000061035156
2012-10-22,71.77999877929688
2012-10-23,70.88999938964844
2012-10-24,70.73999786376953
2012-10-25,71.13999938964844
2012-10-26,70.9000015258789
2012-10-31,70.81999969482422
2012-11-01,71.5
2012-11-02,70.9000015258789
2012-11-05,70.79000091552734
2012-11-06,71.01000213623047
2012-11-07,70.33999633789062
2012-11-08,69.6500015258789
2012-11-09,69.87000274658203
2012-11-12,69.68000030517578
2012-11-13,69.51000213623047
2012-11-14,69.2699966430664
2012-11-15,69.06999969482422
2012-11-16,69.19000244140625
2012-11-19,69.25
2012-11-20,69.66999816894531
2012-11-21,69.58999633789062
2012-11-23,69.55999755859375
2012-11-26,69.08999633789062
2012-11-27,68.80999755859375
2012-11-28,69.29000091552734
2012-11-29,69.22000122070312
2012-11-30,69.7300033569336
2012-12-03,69.6500015258789
2012-12-04,69.86000061035156
2012-12-05,69.97000122070312
2012-12-06,70.05000305175781
2012-12-07,70.44999694824219
2012-12-10,70.5999984741211
2012-12-11,71.0999984741211
2012-12-12,70.95999908447266
2012-12-13,70.75
2012-12-14,70.69000244140625
2012-12-17,70.94000244140625
2012-12-18,70.94999694824219
2012-12-19,70.62999725341797
2012-12-20,70.75
2012-12-21,70.2699966430664
2012-12-24,70.0199966430664
2012-12-26,70.16999816894531
2012-12-27,70.08999633789062
2012-12-28,69.4800033569336
2012-12-31,70.0999984741211
2013-01-02,70.83999633789062
2013-01-03,70.73999786376953
2013-01-04,71.55000305175781
2013-01-07,71.4000015258789
2013-01-08,71.41000366210938
2013-01-09,71.7300033569336
2013-01-10,72.19000244140625
2013-01-11,72.3499984741211
2013-01-14,72.55999755859375
2013-01-15,72.37000274658203
2013-01-16,72.58000183105469
2013-01-17,72.9000015258789
2013-01-18,73.2300033569336
2013-01-22,72.69000244140625
2013-01-23,72.8499984741211
2013-01-24,73.0999984741211
2013-01-25,73.91999816894531
2013-01-28,73.62000274658203
2013-01-29,74.41000366210938
2013-01-30,74.08999633789062
2013-01-31,73.91999816894531
2013-02-01,74.18000030517578
2013-02-04,74.11000061035156
2013-02-05,74.66000366210938
2013-02-06,75.38999938964844
2013-02-07,75.05999755859375
2013-02-08,75.4800033569336
2013-02-11,75.41000366210938
2013-02-12,75.80000305175781
2013-02-13,75.66000366210938
2013-02-14,75.80999755859375
2013-02-15,76.16000366210938
2013-02-19,76.95999908447266
2013-02-20,76.6500015258789
2013-02-21,76.87000274658203
2013-02-22,76.25
2013-02-25,75.56999969482422
2013-02-26,75.75
2013-02-27,76.31999969482422
2013-02-28,76.11000061035156
2013-03-01,76.69999694824219
2013-03-04,77.19999694824219
2013-03-05,77.66000366210938
2013-03-06,77.38999938964844
2013-03-07,77.75
2013-03-08,78.19000244140625
2013-03-11,78.44000244140625
2013-03-12,78.55999755859375
2013-03-13,78.55000305175781
2013-03-14,79.0999984741211
2013-03-15,79.19000244140625
2013-03-18,78.80999755859375
2013-03-19,78.86000061035156
2013-03-20,79.44999694824219
2013-03-21,79.01000213623047
2013-03-22,79.73999786376953
2013-03-25,79.68000030517578
2013-03-26,80.8499984741211
2013-03-27,81.2699966430664
2013-03-28,81.52999877929688
2013-04-01,81.93000030517578
2013-04-02,82.69000244140625
2013-04-03,82.06999969482422
2013-04-04,82.41000366210938
2013-04-05,82.04000091552734
2013-04-08,81.11000061035156
2013-04-09,81.5199966430664
2013-04-10,82.0199966430664
2013-04-11,82.31999969482422
2013-04-12,82.73999786376953
2013-04-15,81.70999908447266
2013-04-16,83.44000244140625
2013-04-17,83.9000015258789
2013-04-18,83.18000030517578
2013-04-19,84.48999786376953
2013-04-22,84.83000183105469
2013-04-23,85.44999694824219
2013-04-24,84.38999938964844
2013-04-25,85.22000122070312
2013-04-26,85.12000274658203
2013-04-29,85.58000183105469
2013-04-30,85.2300033569336
2013-05-01,84.2300033569336
2013-05-02,85.16000366210938
2013-05-03,85.75
2013-05-06,84.68000030517578
2013-05-07,85.52999877929688
2013-05-08,85.45999908447266
2013-05-09,85.1500015258789
2013-05-10,85.76000213623047
2013-05-13,85.8499984741211
2013-05-14,86.97000122070312
2013-05-15,87.63999938964844
2013-05-16,87.44999694824219
2013-05-17,88.08999633789062
2013-05-20,88.01000213623047
2013-05-21,88.58999633789062
2013-05-22,88.45999908447266
2013-05-23,87.20999908447266
2013-05-24,86.81999969482422
2013-05-28,87.61000061035156
2013-05-29,85.6500015258789
2013-05-30,85.98999786376953
2013-05-31,84.18000030517578
2013-06-03,84.70999908447266
2013-06-04,84.0999984741211
2013-06-05,83.68000030517578
2013-06-06,84.45999908447266
2013-06-07,84.91000366210938
2013-06-10,85.13999938964844
2013-06-11,84.69000244140625
2013-06-12,83.73999786376953
2013-06-13,84.91000366210938
2013-06-14,84.91000366210938
2013-06-17,85.62999725341797
2013-06-18,86.36000061035156
2013-06-19,84.86000061035156
2013-06-20,82.62000274658203
2013-06-21,83.19999694824219
2013-06-24,84.61000061035156
2013-06-25,85.3499984741211
2013-06-26,86.98999786376953
2013-06-27,86.70999908447266
2013-06-28,85.86000061035156
2013-07-01,86.62999725341797
2013-07-02,86.56999969482422
2013-07-03,86.77999877929688
2013-07-05,87.87000274658203
2013-07-08,88.58999633789062
2013-07-09,88.87999725341797
2013-07-10,89.23999786376953
2013-07-11,89.66999816894531
2013-07-12,89.98999786376953
2013-07-15,90.4000015258789
2013-07-16,90.4000015258789
2013-07-17,90.12999725341795
2013-07-18,90.16999816894533
2013-07-19,92.2300033569336
2013-07-22,92.27999877929688
2013-07-23,92.41999816894533
2013-07-24,92.36000061035156
2013-07-25,92.56999969482422
2013-07-26,92.83000183105467
2013-07-29,93.20999908447266
2013-07-30,93.16999816894533
2013-07-31,93.5
2013-08-01,93.7699966430664
2013-08-02,94.38999938964844
2013-08-05,93.8000030517578
2013-08-06,93.80999755859376
2013-08-07,93.66000366210938
2013-08-08,93.33999633789062
2013-08-09,92.36000061035156
2013-08-12,92.0
2013-08-13,93.01000213623048
2013-08-14,90.6999969482422
2013-08-15,89.55000305175781
2013-08-16,89.37000274658203
2013-08-19,90.4499969482422
2013-08-20,89.7300033569336
2013-08-21,88.80000305175781
2013-08-22,88.26000213623047
2013-08-23,88.41000366210938
2013-08-26,87.52999877929688
2013-08-27,86.16999816894531
2013-08-28,86.52999877929688
2013-08-29,86.56999969482422
2013-08-30,86.41000366210938
2013-09-03,86.41999816894531
2013-09-04,86.9000015258789
2013-09-05,87.04000091552734
2013-09-06,87.16000366210938
2013-09-09,87.55999755859375
2013-09-10,88.52999877929688
2013-09-11,89.2300033569336
2013-09-12,89.01000213623047
2013-09-13,88.56999969482422
2013-09-16,89.02999877929688
2013-09-17,89.05999755859375
2013-09-18,89.91000366210938
2013-09-19,90.06999969482422
2013-09-20,89.68000030517578
2013-09-23,89.08999633789062
2013-09-24,88.22000122070312
2013-09-25,87.08000183105469
2013-09-26,87.06999969482422
2013-09-27,86.7300033569336
2013-09-30,86.69000244140625
2013-10-01,87.47000122070312
2013-10-02,87.29000091552734
2013-10-03,86.58000183105469
2013-10-04,87.30999755859375
2013-10-07,86.58999633789062
2013-10-08,85.61000061035156
2013-10-09,85.95999908447266
2013-10-10,87.77999877929688
2013-10-11,89.44999694824219
2013-10-14,89.80000305175781
2013-10-15,89.93000030517578
2013-10-16,91.11000061035156
2013-10-17,91.97000122070312
2013-10-18,91.62999725341795
2013-10-21,91.1999969482422
2013-10-22,92.36000061035156
2013-10-23,92.0999984741211
2013-10-24,92.3499984741211
2013-10-25,92.08999633789062
2013-10-28,92.38999938964844
2013-10-29,93.13999938964844
2013-10-30,92.79000091552734
2013-10-31,92.61000061035156
2013-11-01,93.37000274658205
2013-11-04,93.02999877929688
2013-11-05,92.80999755859376
2013-11-06,93.04000091552734
2013-11-07,92.69000244140624
2013-11-08,94.0500030517578
2013-11-11,94.29000091552734
2013-11-12,93.55999755859376
2013-11-13,93.33999633789062
2013-11-14,93.91999816894533
2013-11-15,94.38999938964844
2013-11-18,94.3000030517578
2013-11-19,94.86000061035156
2013-11-20,95.1500015258789
2013-11-21,95.1999969482422
2013-11-22,95.25
2013-11-25,95.62999725341795
2013-11-26,95.05999755859376
2013-11-27,94.9800033569336
2013-11-29,94.66000366210938
2013-12-02,94.27999877929688
2013-12-03,93.97000122070312
2013-12-04,93.62999725341795
2013-12-05,92.97000122070312
2013-12-06,94.44000244140624
2013-12-09,94.44000244140624
2013-12-10,94.13999938964844
2013-12-11,93.11000061035156
2013-12-12,91.16000366210938
2013-12-13,91.3499984741211
2013-12-16,91.37000274658205
2013-12-17,90.66000366210938
2013-12-18,92.63999938964844
2013-12-19,91.9800033569336
2013-12-20,92.08999633789062
2013-12-23,92.02999877929688
2013-12-24,92.05999755859376
2013-12-26,92.54000091552734
2013-12-27,92.3499984741211
2013-12-30,92.3000030517578
2013-12-31,91.58999633789062
2014-01-02,91.02999877929688
2014-01-03,91.8499984741211
2014-01-06,92.33000183105467
2014-01-07,94.29000091552734
2014-01-08,94.16000366210938
2014-01-09,94.7300033569336
2014-01-10,94.73999786376952
2014-01-13,94.5
2014-01-14,94.72000122070312
2014-01-15,94.8000030517578
2014-01-16,94.63999938964844
2014-01-17,95.05999755859376
2014-01-21,94.02999877929688
2014-01-22,94.31999969482422
2014-01-23,92.73999786376952
2014-01-24,90.61000061035156
2014-01-27,89.94000244140625
2014-01-28,90.0999984741211
2014-01-29,88.9000015258789
2014-01-30,89.5
2014-01-31,88.47000122070312
2014-02-03,86.77999877929688
2014-02-04,86.62000274658203
2014-02-05,87.27999877929688
2014-02-06,88.75
2014-02-07,90.04000091552734
2014-02-10,91.06999969482422
2014-02-11,92.97000122070312
2014-02-12,92.41999816894533
2014-02-13,92.55999755859376
2014-02-14,92.76000213623048
2014-02-18,92.16999816894533
2014-02-19,91.63999938964844
2014-02-20,92.37999725341795
2014-02-21,91.5199966430664
2014-02-24,91.11000061035156
2014-02-25,91.11000061035156
2014-02-26,91.11000061035156
2014-02-27,91.36000061035156
2014-02-28,92.12000274658205
2014-03-03,91.55999755859376
2014-03-04,93.33999633789062
2014-03-05,92.58999633789062
2014-03-06,92.88999938964844
2014-03-07,93.31999969482422
2014-03-10,93.4499969482422
2014-03-11,93.48999786376952
2014-03-12,93.5999984741211
2014-03-13,93.0
2014-03-14,92.80999755859376
2014-03-17,93.93000030517578
2014-03-18,93.94000244140624
2014-03-19,93.58999633789062
2014-03-20,94.12000274658205
2014-03-21,95.93000030517578
2014-03-24,95.1999969482422
2014-03-25,97.37999725341795
2014-03-26,97.0500030517578
2014-03-27,97.27999877929688
2014-03-28,97.44000244140624
2014-03-31,98.2300033569336
2014-04-01,97.94000244140624
2014-04-02,98.2300033569336
2014-04-03,98.26000213623048
2014-04-04,98.41999816894533
2014-04-07,97.88999938964844
2014-04-08,98.05999755859376
2014-04-09,98.9499969482422
2014-04-10,96.54000091552734
2014-04-11,96.87000274658205
2014-04-14,97.13999938964844
2014-04-15,99.1999969482422
2014-04-16,98.75
2014-04-17,98.95999908447266
2014-04-21,100.0
2014-04-22,100.18000030517578
2014-04-23,100.22000122070312
2014-04-24,99.95999908447266
2014-04-25,99.79000091552734
2014-04-28,101.33999633789062
2014-04-29,101.02999877929688
2014-04-30,101.29000091552734
2014-05-01,100.52999877929688
2014-05-02,99.30999755859376
2014-05-05,100.0
2014-05-06,99.51000213623048
2014-05-07,100.91000366210938
2014-05-08,100.5
2014-05-09,100.91000366210938
2014-05-12,100.5199966430664
2014-05-13,101.0199966430664
2014-05-14,100.87000274658205
2014-05-15,100.69000244140624
2014-05-16,100.58000183105467
2014-05-19,100.63999938964844
2014-05-20,100.25
2014-05-21,101.13999938964844
2014-05-22,100.95999908447266
2014-05-23,100.9800033569336
2014-05-27,100.80999755859376
2014-05-28,100.3000030517578
2014-05-29,100.76000213623048
2014-05-30,101.45999908447266
2014-06-02,102.16999816894533
2014-06-03,102.45999908447266
2014-06-04,102.68000030517578
2014-06-05,103.22000122070312
2014-06-06,103.18000030517578
2014-06-09,103.22000122070312
2014-06-10,104.0999984741211
2014-06-11,103.31999969482422
2014-06-12,102.52999877929688
2014-06-13,102.52999877929688
2014-06-16,102.4499969482422
2014-06-17,101.93000030517578
2014-06-18,102.80999755859376
2014-06-19,103.80999755859376
2014-06-20,105.2699966430664
2014-06-23,104.75
2014-06-24,104.58999633789062
2014-06-25,105.76000213623048
2014-06-26,105.6500015258789
2014-06-27,104.98999786376952
2014-06-30,104.62000274658205
2014-07-01,105.87000274658205
2014-07-02,105.86000061035156
2014-07-03,105.41999816894533
2014-07-07,106.47000122070312
2014-07-08,105.72000122070312
2014-07-09,106.04000091552734
2014-07-10,105.8000030517578
2014-07-11,105.0999984741211
2014-07-14,105.37999725341795
2014-07-15,103.27999877929688
2014-07-16,102.22000122070312
2014-07-17,100.37000274658205
2014-07-18,101.8000030517578
2014-07-21,101.2699966430664
2014-07-22,102.47000122070312
2014-07-23,102.19000244140624
2014-07-24,102.1999969482422
2014-07-25,102.11000061035156
2014-07-28,102.11000061035156
2014-07-29,101.95999908447266
2014-07-30,102.3000030517578
2014-07-31,100.08999633789062
2014-08-01,99.9000015258789
2014-08-04,100.16000366210938
2014-08-05,99.81999969482422
2014-08-06,100.70999908447266
2014-08-07,99.93000030517578
2014-08-08,101.08000183105467
2014-08-11,101.16000366210938
2014-08-12,100.62999725341795
2014-08-13,101.73999786376952
2014-08-14,102.0199966430664
2014-08-15,101.16999816894533
2014-08-18,102.6999969482422
2014-08-19,102.95999908447266
2014-08-20,103.20999908447266
2014-08-21,104.19000244140624
2014-08-22,103.0999984741211
2014-08-25,103.2300033569336
2014-08-26,103.44000244140624
2014-08-27,103.22000122070312
2014-08-28,102.9499969482422
2014-08-29,103.7300033569336
2014-09-02,103.36000061035156
2014-09-03,103.76000213623048
2014-09-04,103.83999633789062
2014-09-05,104.41999816894533
2014-09-08,104.0500030517578
2014-09-09,103.8000030517578
2014-09-10,104.98999786376952
2014-09-11,104.5500030517578
2014-09-12,104.58000183105467
2014-09-15,104.72000122070312
2014-09-16,105.87999725341795
2014-09-17,106.19000244140624
2014-09-18,107.3499984741211
2014-09-19,107.98999786376952
2014-09-22,107.87999725341795
2014-09-23,107.45999908447266
2014-09-24,108.63999938964844
2014-09-25,107.0999984741211
2014-09-26,107.0999984741211
2014-09-29,106.54000091552734
2014-09-30,106.58999633789062
2014-10-01,104.3000030517578
2014-10-02,103.8499984741211
2014-10-03,105.12999725341795
2014-10-06,104.86000061035156
2014-10-07,102.38999938964844
2014-10-08,104.91000366210938
2014-10-09,102.08000183105467
2014-10-10,101.2300033569336
2014-10-13,99.12000274658205
2014-10-14,97.01000213623048
2014-10-15,98.20999908447266
2014-10-16,96.77999877929688
2014-10-17,98.6999969482422
2014-10-20,99.1999969482422
2014-10-21,100.36000061035156
2014-10-22,101.22000122070312
2014-10-23,102.62999725341795
2014-10-24,103.12999725341795
2014-10-27,104.06999969482422
2014-10-28,104.79000091552734
2014-10-29,105.55999755859376
2014-10-30,107.04000091552734
2014-10-31,107.77999877929688
2014-11-03,107.45999908447266
2014-11-04,108.62000274658205
2014-11-05,108.81999969482422
2014-11-06,109.01000213623048
2014-11-07,108.1999969482422
2014-11-10,108.81999969482422
2014-11-11,108.91000366210938
2014-11-12,108.75
2014-11-13,109.06999969482422
2014-11-14,108.16000366210938
2014-11-17,108.3000030517578
2014-11-18,108.83000183105467
2014-11-19,108.76000213623048
2014-11-20,108.18000030517578
2014-11-21,107.86000061035156
2014-11-24,106.87999725341795
2014-11-25,106.6999969482422
2014-11-26,107.20999908447266
2014-11-28,108.25
2014-12-01,108.02999877929688
2014-12-02,108.51000213623048
2014-12-03,107.72000122070312
2014-12-04,107.55999755859376
2014-12-05,108.51000213623048
2014-12-08,108.5199966430664
2014-12-09,108.0500030517578
2014-12-10,106.23999786376952
2014-12-11,106.72000122070312
2014-12-12,104.43000030517578
2014-12-15,103.95999908447266
2014-12-16,102.76000213623048
2014-12-17,104.06999969482422
2014-12-18,106.80999755859376
2014-12-19,105.5500030517578
2014-12-22,106.73999786376952
2014-12-23,104.27999877929688
2014-12-24,104.58999633789062
2014-12-26,105.05999755859376
2014-12-29,105.33000183105467
2014-12-30,105.36000061035156
2014-12-31,104.56999969482422
2015-01-02,104.5199966430664
2015-01-05,103.79000091552734
2015-01-06,103.27999877929688
2015-01-07,105.55999755859376
2015-01-08,106.38999938964844
2015-01-09,104.94000244140624
2015-01-12,104.58000183105467
2015-01-13,104.76000213623048
2015-01-14,104.0
2015-01-15,102.48999786376952
2015-01-16,104.04000091552734
2015-01-20,101.29000091552734
2015-01-21,101.9000015258789
2015-01-22,103.76000213623048
2015-01-23,102.1999969482422
2015-01-26,102.26000213623048
2015-01-27,102.08999633789062
2015-01-28,101.4800033569336
2015-01-29,102.37999725341795
2015-01-30,100.13999938964844
2015-02-02,100.83000183105467
2015-02-03,102.45999908447266
2015-02-04,101.36000061035156
2015-02-05,102.45999908447266
2015-02-06,101.0999984741211
2015-02-09,99.77999877929688
2015-02-10,100.3499984741211
2015-02-11,100.37999725341795
2015-02-12,98.44000244140624
2015-02-13,99.62000274658205
2015-02-17,100.44000244140624
2015-02-18,99.95999908447266
2015-02-19,100.6999969482422
2015-02-20,100.26000213623048
2015-02-23,100.18000030517578
2015-02-24,100.6999969482422
2015-02-25,101.20999908447266
2015-02-26,102.8000030517578
2015-02-27,102.51000213623048
2015-03-02,103.22000122070312
2015-03-03,102.33999633789062
2015-03-04,101.6500015258789
2015-03-05,102.5199966430664
2015-03-06,100.11000061035156
2015-03-09,100.66000366210938
2015-03-10,99.52999877929688
2015-03-11,98.31999969482422
2015-03-12,99.83000183105467
2015-03-13,99.20999908447266
2015-03-16,101.05999755859376
2015-03-17,99.88999938964844
2015-03-18,101.45999908447266
2015-03-19,101.69000244140624
2015-03-20,102.4000015258789
2015-03-23,102.9800033569336
2015-03-24,101.95999908447266
2015-03-25,100.33999633789062
2015-03-26,100.13999938964844
2015-03-27,100.33999633789062
2015-03-30,101.5500030517578
2015-03-31,100.5999984741211
2015-04-01,99.1500015258789
2015-04-02,99.63999938964844
2015-04-06,99.16000366210938
2015-04-07,100.0999984741211
2015-04-08,100.16000366210938
2015-04-09,101.33000183105467
2015-04-10,102.05999755859376
2015-04-13,100.5500030517578
2015-04-14,100.5199966430664
2015-04-15,100.5999984741211
2015-04-16,99.79000091552734
2015-04-17,99.58000183105467
2015-04-20,100.20999908447266
2015-04-21,100.3000030517578
2015-04-22,100.43000030517578
2015-04-23,100.45999908447266
2015-04-24,101.08000183105467
2015-04-27,100.58000183105467
2015-04-28,100.73999786376952
2015-04-29,100.38999938964844
2015-04-30,99.1999969482422
2015-05-01,100.12999725341795
2015-05-04,100.3499984741211
2015-05-05,99.5
2015-05-06,99.16999816894533
2015-05-07,99.66000366210938
2015-05-08,101.47000122070312
2015-05-11,101.02999877929688
2015-05-12,100.47000122070312
2015-05-13,100.5500030517578
2015-05-14,101.83000183105467
2015-05-15,102.3000030517578
2015-05-18,103.41999816894533
2015-05-19,103.95999908447266
2015-05-20,103.5999984741211
2015-05-21,102.41999816894533
2015-05-22,101.3499984741211
2015-05-26,100.81999969482422
2015-05-27,101.12999725341795
2015-05-28,101.1500015258789
2015-05-29,100.13999938964844
2015-06-01,100.04000091552734
2015-06-02,99.9800033569336
2015-06-03,100.08999633789062
2015-06-04,99.2300033569336
2015-06-05,98.58999633789062
2015-06-08,97.95999908447266
2015-06-09,98.20999908447266
2015-06-10,98.87999725341795
2015-06-11,99.23999786376952
2015-06-12,98.3499984741211
2015-06-15,97.48999786376952
2015-06-16,98.36000061035156
2015-06-17,98.7300033569336
2015-06-18,100.36000061035156
2015-06-19,99.86000061035156
2015-06-22,100.08999633789062
2015-06-23,99.77999877929688
2015-06-24,99.33000183105467
2015-06-25,99.12000274658205
2015-06-26,99.63999938964844
2015-06-29,97.68000030517578
2015-06-30,97.45999908447266
2015-07-01,98.47000122070312
2015-07-02,98.44000244140624
2015-07-06,98.1999969482422
2015-07-07,98.91999816894533
2015-07-08,97.7699966430664
2015-07-09,98.4000015258789
2015-07-10,99.52999877929688
2015-07-13,100.2699966430664
2015-07-14,99.77999877929688
2015-07-15,100.41999816894533
2015-07-16,101.11000061035156
2015-07-17,100.08000183105467
2015-07-20,100.37000274658205
2015-07-21,100.33999633789062
2015-07-22,100.18000030517578
2015-07-23,100.1999969482422
2015-07-24,99.1500015258789
2015-07-27,98.27999877929688
2015-07-28,99.0199966430664
2015-07-29,99.7300033569336
2015-07-30,99.83999633789062
2015-07-31,100.20999908447266
2015-08-03,100.0199966430664
2015-08-04,99.8000030517578
2015-08-05,100.5199966430664
2015-08-06,99.06999969482422
2015-08-07,98.8499984741211
2015-08-10,99.79000091552734
2015-08-11,99.01000213623048
2015-08-12,98.70999908447266
2015-08-13,98.4800033569336
2015-08-14,98.80999755859376
2015-08-17,99.87000274658205
2015-08-18,99.37000274658205
2015-08-19,99.30999755859376
2015-08-20,98.79000091552734
2015-08-21,95.55999755859376
2015-08-24,92.81999969482422
2015-08-25,90.7300033569336
2015-08-26,95.11000061035156
2015-08-27,96.22000122070312
2015-08-28,95.16999816894533
2015-08-31,93.9800033569336
2015-09-01,92.08999633789062
2015-09-02,93.3499984741211
2015-09-03,92.63999938964844
2015-09-04,91.30999755859376
2015-09-08,93.94000244140624
2015-09-09,92.22000122070312
2015-09-10,92.72000122070312
2015-09-11,92.93000030517578
2015-09-14,93.31999969482422
2015-09-15,94.4000015258789
2015-09-16,94.61000061035156
2015-09-17,94.83999633789062
2015-09-18,93.38999938964844
2015-09-21,93.12999725341795
2015-09-22,93.23999786376952
2015-09-23,92.98999786376952
2015-09-24,92.4800033569336
2015-09-25,91.0
2015-09-28,91.37000274658205
2015-09-29,93.04000091552734
2015-09-30,93.3499984741211
2015-10-01,93.16999816894533
2015-10-02,93.93000030517578
2015-10-05,94.76000213623048
2015-10-06,93.41999816894533
2015-10-07,94.9800033569336
2015-10-08,95.08000183105467
2015-10-09,95.37000274658205
2015-10-12,95.98999786376952
2015-10-13,95.4499969482422
2015-10-14,94.52999877929688
2015-10-15,97.1500015258789
2015-10-16,98.23999786376952
2015-10-19,97.94000244140624
2015-10-20,97.58999633789062
2015-10-21,97.62999725341795
2015-10-22,99.52999877929688
2015-10-23,100.30999755859376
2015-10-26,99.94000244140624
2015-10-27,100.19000244140624
2015-10-28,100.4800033569336
2015-10-29,101.37000274658205
2015-10-30,101.02999877929688
2015-11-02,102.16999816894533
2015-11-03,101.95999908447266
2015-11-04,101.94000244140624
2015-11-05,102.33000183105467
2015-11-06,101.91999816894533
2015-11-09,100.83999633789062
2015-11-10,101.4499969482422
2015-11-11,101.86000061035156
2015-11-12,100.2699966430664
2015-11-13,99.87999725341795
2015-11-16,101.22000122070312
2015-11-17,101.5
2015-11-18,102.66999816894533
2015-11-19,102.48999786376952
2015-11-20,102.4800033569336
2015-11-23,102.7699966430664
2015-11-24,102.04000091552734
2015-11-25,101.95999908447266
2015-11-27,102.37000274658205
2015-11-30,101.23999786376952
2015-12-01,102.36000061035156
2015-12-02,102.0500030517578
2015-12-03,100.79000091552734
2015-12-04,102.9499969482422
2015-12-07,103.31999969482422
2015-12-08,102.41999816894533
2015-12-09,102.1500015258789
2015-12-10,102.63999938964844
2015-12-11,101.68000030517578
2015-12-14,102.1500015258789
2015-12-15,104.12999725341795
2015-12-16,105.25
2015-12-17,103.63999938964844
2015-12-18,101.9499969482422
2015-12-21,101.58000183105467
2015-12-22,102.70999908447266
2015-12-23,103.48999786376952
2015-12-24,103.72000122070312
2015-12-28,103.22000122070312
2015-12-29,104.02999877929688
2015-12-30,103.77999877929688
2015-12-31,102.72000122070312
2016-01-04,100.4800033569336
2016-01-05,100.9000015258789
2016-01-06,100.38999938964844
2016-01-07,99.22000122070312
2016-01-08,98.16000366210938
2016-01-11,97.56999969482422
2016-01-12,98.23999786376952
2016-01-13,97.0199966430664
2016-01-14,98.88999938964844
2016-01-15,97.0
2016-01-19,97.5
2016-01-20,95.75
2016-01-21,95.94000244140624
2016-01-22,96.75
2016-01-25,96.4000015258789
2016-01-26,101.18000030517578
2016-01-27,102.16000366210938
2016-01-28,102.2699966430664
2016-01-29,104.44000244140624
2016-02-01,104.37000274658205
2016-02-02,103.41000366210938
2016-02-03,104.13999938964844
2016-02-04,103.9000015258789
2016-02-05,100.54000091552734
2016-02-08,102.0
2016-02-09,101.97000122070312
2016-02-10,101.7300033569336
2016-02-11,101.6999969482422
2016-02-12,101.81999969482422
2016-02-16,102.31999969482422
2016-02-17,102.5
2016-02-18,104.23999786376952
2016-02-19,104.16000366210938
2016-02-22,104.75
2016-02-23,104.08000183105467
2016-02-24,104.95999908447266
2016-02-25,106.37999725341795
2016-02-26,105.77999877929688
2016-02-29,105.20999908447266
2016-03-01,107.22000122070312
2016-03-02,107.04000091552734
2016-03-03,106.6500015258789
2016-03-04,106.5
2016-03-07,106.73999786376952
2016-03-08,106.22000122070312
2016-03-09,106.83999633789062
2016-03-10,107.13999938964844
2016-03-11,107.70999908447266
2016-03-14,107.66000366210938
2016-03-15,107.76000213623048
2016-03-16,107.41000366210938
2016-03-17,106.73999786376952
2016-03-18,107.5
2016-03-21,107.27999877929688
2016-03-22,107.37999725341795
2016-03-23,108.5
2016-03-24,108.30999755859376
2016-03-28,108.2300033569336
2016-03-29,109.13999938964844
2016-03-30,108.9800033569336
2016-03-31,108.1999969482422
2016-04-01,109.19000244140624
2016-04-04,108.58999633789062
2016-04-05,108.9499969482422
2016-04-06,109.41999816894533
2016-04-07,109.2699966430664
2016-04-08,109.0999984741211
2016-04-11,108.97000122070312
2016-04-12,109.5999984741211
2016-04-13,109.87000274658205
2016-04-14,109.83999633789062
2016-04-15,110.18000030517578
2016-04-18,110.93000030517578
2016-04-19,112.68000030517578
2016-04-20,113.58000183105467
2016-04-21,113.56999969482422
2016-04-22,113.31999969482422
2016-04-25,113.51000213623048
2016-04-26,112.91000366210938
2016-04-27,112.7699966430664
2016-04-28,112.4800033569336
2016-04-29,112.08000183105467
2016-05-02,112.75
2016-05-03,112.69000244140624
2016-05-04,112.22000122070312
2016-05-05,112.87999725341795
2016-05-06,112.73999786376952
2016-05-09,113.72000122070312
2016-05-10,114.66999816894533
2016-05-11,114.37000274658205
2016-05-12,114.2300033569336
2016-05-13,113.55999755859376
2016-05-16,114.44000244140624
2016-05-17,113.83000183105467
2016-05-18,113.58999633789062
2016-05-19,112.8499984741211
2016-05-20,112.63999938964844
2016-05-23,112.16000366210938
2016-05-24,112.69000244140624
2016-05-25,113.3499984741211
2016-05-26,112.9000015258789
2016-05-27,113.05999755859376
2016-05-31,112.69000244140624
2016-06-01,112.77999877929688
2016-06-02,114.48999786376952
2016-06-03,114.76000213623048
2016-06-06,115.7699966430664
2016-06-07,115.7300033569336
2016-06-08,115.8000030517578
2016-06-09,117.0
2016-06-10,117.01000213623048
2016-06-13,116.79000091552734
2016-06-14,117.12000274658205
2016-06-15,116.41000366210938
2016-06-16,116.63999938964844
2016-06-17,115.4800033569336
2016-06-20,116.54000091552734
2016-06-21,116.18000030517578
2016-06-22,116.45999908447266
2016-06-23,117.37999725341795
2016-06-24,115.62999725341795
2016-06-27,116.5500030517578
2016-06-28,118.2300033569336
2016-06-29,119.33000183105467
2016-06-30,121.3000030517578
2016-07-01,121.29000091552734
2016-07-05,122.2699966430664
2016-07-06,122.63999938964844
2016-07-07,122.51000213623048
2016-07-08,122.8499984741211
2016-07-11,122.93000030517578
2016-07-12,122.91999816894533
2016-07-13,123.0
2016-07-14,123.18000030517578
2016-07-15,123.0
2016-07-18,123.13999938964844
2016-07-19,125.25
2016-07-20,125.13999938964844
2016-07-21,125.1500015258789
2016-07-22,125.02999877929688
2016-07-25,124.88999938964844
2016-07-26,125.1500015258789
2016-07-27,124.7699966430664
2016-07-28,124.45999908447266
2016-07-29,125.2300033569336
2016-08-01,125.4000015258789
2016-08-02,124.8499984741211
2016-08-03,123.9000015258789
2016-08-04,123.86000061035156
2016-08-05,124.23999786376952
2016-08-08,123.6500015258789
2016-08-09,123.43000030517578
2016-08-10,123.36000061035156
2016-08-11,123.7699966430664
2016-08-12,123.22000122070312
2016-08-15,122.30999755859376
2016-08-16,120.33000183105467
2016-08-17,121.30999755859376
2016-08-18,120.72000122070312
2016-08-19,119.91999816894533
2016-08-22,119.12999725341795
2016-08-23,119.44000244140624
2016-08-24,118.70999908447266
2016-08-25,118.56999969482422
2016-08-26,119.04000091552734
2016-08-29,119.91999816894533
2016-08-30,119.47000122070312
2016-08-31,119.33999633789062
2016-09-01,119.08000183105467
2016-09-02,119.31999969482422
2016-09-06,119.75
2016-09-07,119.61000061035156
2016-09-08,119.47000122070312
2016-09-09,118.2300033569336
2016-09-12,119.16000366210938
2016-09-13,117.61000061035156
2016-09-14,117.86000061035156
2016-09-15,118.62999725341795
2016-09-16,118.25
2016-09-19,117.66000366210938
2016-09-20,117.9499969482422
2016-09-21,118.91000366210938
2016-09-22,119.45999908447266
2016-09-23,118.80999755859376
2016-09-26,117.77999877929688
2016-09-27,119.22000122070312
2016-09-28,119.38999938964844
2016-09-29,117.2699966430664
2016-09-30,118.12999725341795
2016-10-03,118.80999755859376
2016-10-04,118.81999969482422
2016-10-05,119.18000030517578
2016-10-06,118.75
2016-10-07,119.23999786376952
2016-10-10,119.8000030517578
2016-10-11,117.63999938964844
2016-10-12,117.97000122070312
2016-10-13,118.26000213623048
2016-10-14,117.55999755859376
2016-10-17,118.48999786376952
2016-10-18,115.41000366210938
2016-10-19,114.58999633789062
2016-10-20,114.87000274658205
2016-10-21,113.44000244140624
2016-10-24,113.61000061035156
2016-10-25,113.95999908447266
2016-10-26,114.55999755859376
2016-10-27,115.6999969482422
2016-10-28,115.33000183105467
2016-10-31,115.98999786376952
2016-11-01,115.33999633789062
2016-11-02,114.86000061035156
2016-11-03,115.02999877929688
2016-11-04,115.11000061035156
2016-11-07,116.66000366210938
2016-11-08,117.0500030517578
2016-11-09,120.30999755859376
2016-11-10,119.54000091552734
2016-11-11,118.47000122070312
2016-11-14,116.5999984741211
2016-11-15,116.31999969482422
2016-11-16,116.36000061035156
2016-11-17,116.56999969482422
2016-11-18,115.36000061035156
2016-11-21,115.0
2016-11-22,112.73999786376952
2016-11-23,113.06999969482422
2016-11-25,114.12999725341795
2016-11-28,113.12999725341795
2016-11-29,112.4800033569336
2016-11-30,111.3000030517578
2016-12-01,111.37999725341795
2016-12-02,111.95999908447266
2016-12-05,111.94000244140624
2016-12-06,112.05999755859376
2016-12-07,111.0999984741211
2016-12-08,110.98999786376952
2016-12-09,112.26000213623048
2016-12-12,115.36000061035156
2016-12-13,115.88999938964844
2016-12-14,114.98999786376952
2016-12-15,115.88999938964844
2016-12-16,115.87999725341795
2016-12-19,116.0199966430664
2016-12-20,115.66000366210938
2016-12-21,115.30999755859376
2016-12-22,115.44000244140624
2016-12-23,115.95999908447266
2016-12-27,115.91000366210938
2016-12-28,115.0999984741211
2016-12-29,115.48999786376952
2016-12-30,115.20999908447266
2017-01-03,115.83999633789062
2017-01-04,115.6500015258789
2017-01-05,116.86000061035156
2017-01-06,116.3000030517578
2017-01-09,116.27999877929688
2017-01-10,116.16000366210938
2017-01-11,114.7300033569336
2017-01-12,114.62000274658205
2017-01-13,114.5999984741211
2017-01-17,114.87000274658205
2017-01-18,114.6999969482422
2017-01-19,114.1999969482422
2017-01-20,114.1500015258789
2017-01-23,113.91000366210938
2017-01-24,111.76000213623048
2017-01-25,112.8000030517578
2017-01-26,111.83999633789062
2017-01-27,113.37999725341795
2017-01-30,113.12999725341795
2017-01-31,113.25
2017-02-01,113.2300033569336
2017-02-02,113.56999969482422
2017-02-03,113.63999938964844
2017-02-06,113.4000015258789
2017-02-07,113.4800033569336
2017-02-08,113.4000015258789
2017-02-09,114.08000183105467
2017-02-10,115.23999786376952
2017-02-13,115.87999725341795
2017-02-14,116.36000061035156
2017-02-15,117.1999969482422
2017-02-16,118.08000183105467
2017-02-17,118.86000061035156
2017-02-21,119.66000366210938
2017-02-22,119.5199966430664
2017-02-23,121.6999969482422
2017-02-24,122.7300033569336
2017-02-27,122.4000015258789
2017-02-28,122.20999908447266
2017-03-01,123.86000061035156
2017-03-02,123.62999725341795
2017-03-03,123.79000091552734
2017-03-06,123.70999908447266
2017-03-07,123.83000183105467
2017-03-08,124.0999984741211
2017-03-09,125.9499969482422
2017-03-10,126.20999908447266
2017-03-13,126.68000030517578
2017-03-14,127.0500030517578
2017-03-15,128.9600067138672
2017-03-16,128.4600067138672
2017-03-17,128.05999755859375
2017-03-20,128.07000732421875
2017-03-21,127.25
2017-03-22,126.26000213623048
2017-03-23,125.9000015258789
2017-03-24,125.4800033569336
2017-03-27,125.8000030517578
2017-03-28,125.66000366210938
2017-03-29,124.91999816894533
2017-03-30,124.66000366210938
2017-03-31,124.5500030517578
2017-04-03,124.69000244140624
2017-04-04,124.68000030517578
2017-04-05,124.8000030517578
2017-04-06,125.0500030517578
2017-04-07,124.91999816894533
2017-04-10,124.33999633789062
2017-04-11,124.22000122070312
2017-04-12,125.4000015258789
2017-04-13,124.98999786376952
2017-04-17,125.72000122070312
2017-04-18,121.81999969482422
2017-04-19,121.37000274658205
2017-04-20,121.87000274658205
2017-04-21,121.76000213623048
2017-04-24,122.88999938964844
2017-04-25,123.43000030517578
2017-04-26,123.51000213623048
2017-04-27,123.73999786376952
2017-04-28,123.47000122070312
2017-05-01,123.33999633789062
2017-05-02,123.6999969482422
2017-05-03,123.33000183105467
2017-05-04,123.9499969482422
2017-05-05,123.51000213623048
2017-05-08,123.25
2017-05-09,123.20999908447266
2017-05-10,122.80999755859376
2017-05-11,123.1999969482422
2017-05-12,123.63999938964844
2017-05-15,126.98999786376952
2017-05-16,127.7699966430664
2017-05-17,126.66999816894533
2017-05-18,126.97000122070312
2017-05-19,127.0
2017-05-22,127.26000213623048
2017-05-23,127.5199966430664
2017-05-24,127.51000213623048
2017-05-25,127.52999877929688
2017-05-26,126.91999816894533
2017-05-30,127.11000061035156
2017-05-31,128.25
2017-06-01,128.77999877929688
2017-06-02,130.0800018310547
2017-06-05,130.36000061035156
2017-06-06,130.8300018310547
2017-06-07,130.75
2017-06-08,130.5500030517578
2017-06-09,131.52999877929688
2017-06-12,131.82000732421875
2017-06-13,132.02000427246094
2017-06-14,132.77000427246094
2017-06-15,133.0399932861328
2017-06-16,134.35000610351562
2017-06-19,134.07000732421875
2017-06-20,134.22000122070312
2017-06-21,134.91000366210938
2017-06-22,136.0500030517578
2017-06-23,136.42999267578125
2017-06-26,136.33999633789062
2017-06-27,135.00999450683594
2017-06-28,133.82000732421875
2017-06-29,132.63999938964844
2017-06-30,132.2899932861328
2017-07-03,132.89999389648438
2017-07-05,133.63999938964844
2017-07-06,132.52000427246094
2017-07-07,132.5399932861328
2017-07-10,131.5500030517578
2017-07-11,131.22999572753906
2017-07-12,132.22999572753906
2017-07-13,131.86000061035156
2017-07-14,132.60000610351562
2017-07-17,132.14999389648438
2017-07-18,134.4600067138672
2017-07-19,135.2100067138672
2017-07-20,136.57000732421875
2017-07-21,135.30999755859375
2017-07-24,133.00999450683594
2017-07-25,131.8800048828125
2017-07-26,130.9499969482422
2017-07-27,130.8300018310547
2017-07-28,131.85000610351562
2017-07-31,132.72000122070312
2017-08-01,132.50999450683594
2017-08-02,132.16000366210938
2017-08-03,133.35000610351562
2017-08-04,133.17999267578125
2017-08-07,132.86000061035156
2017-08-08,132.27000427246094
2017-08-09,133.22999572753906
2017-08-10,133.08999633789062
2017-08-11,133.10000610351562
2017-08-14,133.47999572753906
2017-08-15,133.3800048828125
2017-08-16,134.1699981689453
2017-08-17,133.0399932861328
2017-08-18,132.6300048828125
2017-08-21,133.4499969482422
2017-08-22,134.6999969482422
2017-08-23,132.8000030517578
2017-08-24,132.88999938964844
2017-08-25,131.67999267578125
2017-08-28,131.74000549316406
2017-08-29,132.2100067138672
2017-08-30,131.07000732421875
2017-08-31,132.3699951171875
2017-09-01,131.02999877929688
2017-09-05,129.89999389648438
2017-09-06,130.6699981689453
2017-09-07,132.19000244140625
2017-09-08,130.97999572753906
2017-09-11,133.2100067138672
2017-09-12,132.6300048828125
2017-09-13,132.4499969482422
2017-09-14,134.17999267578125
2017-09-15,134.4499969482422
2017-09-18,135.3800048828125
2017-09-19,135.22000122070312
2017-09-20,133.22000122070312
2017-09-21,131.75
2017-09-22,131.38999938964844
2017-09-25,131.1699981689453
2017-09-26,130.94000244140625
2017-09-27,129.75
2017-09-28,129.47000122070312
2017-09-29,130.00999450683594
2017-10-02,131.22000122070312
2017-10-03,132.10000610351562
2017-10-04,132.88999938964844
2017-10-05,133.19000244140625
2017-10-06,133.22000122070312
2017-10-09,133.4499969482422
2017-10-10,133.89999389648438
2017-10-11,136.64999389648438
2017-10-12,136.8300018310547
2017-10-13,136.42999267578125
2017-10-16,136.1199951171875
2017-10-17,140.7899932861328
2017-10-18,140.67999267578125
2017-10-19,142.0399932861328
2017-10-20,142.39999389648438
2017-10-23,143.6199951171875
2017-10-24,141.63999938964844
2017-10-25,142.36000061035156
2017-10-26,141.80999755859375
2017-10-27,141.77999877929688
2017-10-30,140.0
2017-10-31,139.41000366210938
2017-11-01,139.97999572753906
2017-11-02,139.92999267578125
2017-11-03,140.0800018310547
2017-11-06,139.75999450683594
2017-11-07,139.77000427246094
2017-11-08,141.32000732421875
2017-11-09,140.35000610351562
2017-11-10,139.55999755859375
2017-11-13,139.75999450683594
2017-11-14,139.49000549316406
2017-11-15,139.10000610351562
2017-11-16,138.8699951171875
2017-11-17,138.0
2017-11-20,137.92999267578125
2017-11-21,138.33999633789062
2017-11-22,137.2899932861328
2017-11-24,138.00999450683594
2017-11-27,138.10000610351562
2017-11-28,140.02000427246094
2017-11-29,139.80999755859375
2017-11-30,139.3300018310547
2017-12-01,139.97999572753906
2017-12-04,139.00999450683594
2017-12-05,139.6699981689453
2017-12-06,141.05999755859375
2017-12-07,140.00999450683594
2017-12-08,140.58999633789062
2017-12-11,141.13999938964844
2017-12-12,142.60000610351562
2017-12-13,142.88999938964844
2017-12-14,141.64999389648438
2017-12-15,142.4600067138672
2017-12-18,141.8000030517578
2017-12-19,141.77999877929688
2017-12-20,141.16000366210938
2017-12-21,141.05999755859375
2017-12-22,140.1199951171875
2017-12-26,140.08999633789062
2017-12-27,140.57000732421875
2017-12-28,140.55999755859375
2017-12-29,139.72000122070312
2018-01-02,139.22999572753906
2018-01-03,140.55999755859375
2018-01-04,140.5500030517578
2018-01-05,141.7100067138672
2018-01-08,141.88999938964844
2018-01-09,144.13999938964844
2018-01-10,143.97000122070312
2018-01-11,144.7899932861328
2018-01-12,145.75999450683594
2018-01-16,146.86000061035156
2018-01-17,146.97999572753906
2018-01-18,146.9199981689453
2018-01-19,147.36000061035156
2018-01-22,148.13999938964844
2018-01-23,141.8300018310547
2018-01-24,142.07000732421875
2018-01-25,144.39999389648438
2018-01-26,145.3300018310547
2018-01-29,143.67999267578125
2018-01-30,142.42999267578125
2018-01-31,138.19000244140625
2018-02-01,140.02000427246094
2018-02-02,137.67999267578125
2018-02-05,130.38999938964844
2018-02-06,131.8300018310547
2018-02-07,131.4199981689453
2018-02-08,126.36000061035156
2018-02-09,129.52999877929688
2018-02-12,130.27000427246094
2018-02-13,129.9600067138672
2018-02-14,129.6699981689453
2018-02-15,131.22999572753906
2018-02-16,133.14999389648438
2018-02-20,130.8699951171875
2018-02-21,129.91000366210938
2018-02-22,129.91000366210938
2018-02-23,132.02000427246094
2018-02-26,132.07000732421875
2018-02-27,131.6699981689453
2018-02-28,129.8800048828125
2018-03-01,127.27999877929688
2018-03-02,128.82000732421875
2018-03-05,129.7899932861328
2018-03-06,128.22000122070312
2018-03-07,129.0399932861328
2018-03-08,132.05999755859375
2018-03-09,133.8000030517578
2018-03-12,132.6300048828125
2018-03-13,134.35000610351562
2018-03-14,132.32000732421875
2018-03-15,133.05999755859375
2018-03-16,133.67999267578125
2018-03-19,130.24000549316406
2018-03-20,131.2100067138672
2018-03-21,131.19000244140625
2018-03-22,127.37999725341795
2018-03-23,125.0999984741211
2018-03-26,127.38999938964844
2018-03-27,127.20999908447266
2018-03-28,127.4499969482422
2018-03-29,128.14999389648438
2018-04-02,124.55999755859376
2018-04-03,128.35000610351562
2018-04-04,130.41000366210938
2018-04-05,130.7100067138672
2018-04-06,128.10000610351562
2018-04-09,129.47999572753906
2018-04-10,130.25
2018-04-11,129.6300048828125
2018-04-12,130.42999267578125
2018-04-13,130.6199951171875
2018-04-16,131.75999450683594
2018-04-17,130.5399932861328
2018-04-18,127.72000122070312
2018-04-19,127.5500030517578
2018-04-20,126.66000366210938
2018-04-23,126.83000183105467
2018-04-24,126.19000244140624
2018-04-25,126.76000213623048
2018-04-26,128.00999450683594
2018-04-27,128.27000427246094
2018-04-30,126.48999786376952
2018-05-01,126.01000213623048
2018-05-02,123.5
2018-05-03,123.02999877929688
2018-05-04,124.19000244140624
2018-05-07,123.58999633789062
2018-05-08,122.61000061035156
2018-05-09,123.51000213623048
2018-05-10,125.3499984741211
2018-05-11,127.23999786376952
2018-05-14,126.05999755859376
2018-05-15,125.12999725341795
2018-05-16,125.3499984741211
2018-05-17,123.8499984741211
2018-05-18,124.23999786376952
2018-05-21,123.72000122070312
2018-05-22,122.91000366210938
2018-05-23,123.4499969482422
2018-05-24,122.25
2018-05-25,121.47000122070312
2018-05-29,119.4000015258789
2018-05-30,120.97000122070312
2018-05-31,119.62000274658205
2018-06-01,121.26000213623048
2018-06-04,121.9499969482422
2018-06-05,121.4800033569336
2018-06-06,122.79000091552734
2018-06-07,123.33000183105467
2018-06-08,124.05999755859376
2018-06-11,122.66000366210938
2018-06-12,122.54000091552734
2018-06-13,122.62999725341795
2018-06-14,122.41000366210938
2018-06-15,122.61000061035156
2018-06-18,121.31999969482422
2018-06-19,122.56999969482422
2018-06-20,122.04000091552734
2018-06-21,121.4499969482422
2018-06-22,122.83999633789062
2018-06-25,122.58999633789062
2018-06-26,122.3499984741211
2018-06-27,121.61000061035156
2018-06-28,122.0
2018-06-29,121.33999633789062
2018-07-02,121.58000183105467
2018-07-03,122.70999908447266
2018-07-05,125.0
2018-07-06,125.75
2018-07-09,126.0500030517578
2018-07-10,127.37999725341795
2018-07-11,126.23999786376952
2018-07-12,127.76000213623048
2018-07-13,125.93000030517578
2018-07-16,124.69000244140624
2018-07-17,129.11000061035156
2018-07-18,127.8000030517578
2018-07-19,125.94000244140624
2018-07-20,125.8499984741211
2018-07-23,126.62999725341795
2018-07-24,129.36000061035156
2018-07-25,128.6199951171875
2018-07-26,130.27999877929688
2018-07-27,131.5500030517578
2018-07-30,132.1699981689453
2018-07-31,132.52000427246094
2018-08-01,132.63999938964844
2018-08-02,131.25
2018-08-03,131.9499969482422
2018-08-06,132.02000427246094
2018-08-07,131.4600067138672
2018-08-08,131.1699981689453
2018-08-09,131.1999969482422
2018-08-10,130.75
2018-08-13,130.22000122070312
2018-08-14,129.5
2018-08-15,130.42999267578125
2018-08-16,132.47999572753906
2018-08-17,134.47000122070312
2018-08-20,136.8800048828125
2018-08-21,135.35000610351562
2018-08-22,134.61000061035156
2018-08-23,135.11000061035156
2018-08-24,135.9499969482422
2018-08-27,134.9199981689453
2018-08-28,134.32000732421875
2018-08-29,134.86000061035156
2018-08-30,134.9499969482422
2018-08-31,134.69000244140625
2018-09-04,133.72000122070312
2018-09-05,135.86000061035156
2018-09-06,136.8699951171875
2018-09-07,137.32000732421875
2018-09-10,137.2100067138672
2018-09-11,138.50999450683594
2018-09-12,139.36000061035156
2018-09-13,139.88999938964844
2018-09-14,139.49000549316406
2018-09-17,139.9600067138672
2018-09-18,140.5399932861328
2018-09-19,140.4600067138672
2018-09-20,141.97999572753906
2018-09-21,142.8800048828125
2018-09-24,140.47000122070312
2018-09-25,138.63999938964844
2018-09-26,138.16000366210938
2018-09-27,138.22000122070312
2018-09-28,138.1699981689453
2018-10-01,139.69000244140625
2018-10-02,140.47999572753906
2018-10-03,139.02999877929688
2018-10-04,139.35000610351562
2018-10-05,139.10000610351562
2018-10-08,139.38999938964844
2018-10-09,139.1999969482422
2018-10-10,137.72999572753906
2018-10-11,133.83999633789062
2018-10-12,133.8699951171875
2018-10-15,133.9499969482422
2018-10-16,136.55999755859375
2018-10-17,139.4600067138672
2018-10-18,139.5
2018-10-19,139.0500030517578
2018-10-22,138.67999267578125
2018-10-23,138.92999267578125
2018-10-24,137.47000122070312
2018-10-25,138.47000122070312
2018-10-26,136.97000122070312
2018-10-29,137.5500030517578
2018-10-30,140.75
2018-10-31,139.99000549316406
2018-11-01,140.82000732421875
2018-11-02,140.67999267578125
2018-11-05,142.1999969482422
2018-11-06,142.57000732421875
2018-11-07,144.75
2018-11-08,145.3000030517578
2018-11-09,145.33999633789062
2018-11-12,145.6199951171875
2018-11-13,144.67999267578125
2018-11-14,144.25
2018-11-15,144.5
2018-11-16,145.99000549316406
2018-11-19,147.72999572753906
2018-11-20,146.4499969482422
2018-11-21,141.99000549316406
2018-11-23,142.22999572753906
2018-11-26,141.3699951171875
2018-11-27,143.22000122070312
2018-11-28,146.44000244140625
2018-11-29,145.85000610351562
2018-11-30,146.89999389648438
2018-12-03,146.2100067138672
2018-12-04,146.02999877929688
2018-12-06,145.91000366210938
2018-12-07,145.42999267578125
2018-12-10,145.25999450683594
2018-12-11,146.5
2018-12-12,147.10000610351562
2018-12-13,147.83999633789062
2018-12-14,133.0
2018-12-17,129.13999938964844
2018-12-18,130.4199981689453
2018-12-19,127.61000061035156
2018-12-20,128.27000427246094
2018-12-21,128.08999633789062
2018-12-24,122.83999633789062
2018-12-26,126.70999908447266
2018-12-27,127.41000366210938
2018-12-28,127.2699966430664
2018-12-31,129.0500030517578
2019-01-02,127.75
2019-01-03,125.72000122070312
2019-01-04,127.83000183105467
2019-01-07,127.01000213623048
2019-01-08,129.9600067138672
2019-01-09,128.92999267578125
2019-01-10,129.7100067138672
2019-01-11,129.75
2019-01-14,128.27999877929688
2019-01-15,129.36000061035156
2019-01-16,128.0399932861328
2019-01-17,129.08999633789062
2019-01-18,130.69000244140625
2019-01-22,128.8000030517578
2019-01-23,128.8000030517578
2019-01-24,127.02999877929688
2019-01-25,128.22999572753906
2019-01-28,128.99000549316406
2019-01-29,130.3300018310547
2019-01-30,131.63999938964844
2019-01-31,133.0800018310547
2019-02-01,134.1999969482422
2019-02-04,132.8800048828125
2019-02-05,132.8800048828125
2019-02-06,133.0
2019-02-07,132.0500030517578
2019-02-08,132.39999389648438
2019-02-11,132.0
2019-02-12,134.16000366210938
2019-02-13,134.4499969482422
2019-02-14,134.30999755859375
2019-02-15,136.3800048828125
2019-02-19,135.69000244140625
2019-02-20,136.35000610351562
2019-02-21,135.4199981689453
2019-02-22,136.60000610351562
2019-02-25,136.1999969482422
2019-02-26,136.11000061035156
2019-02-27,135.8699951171875
2019-02-28,136.63999938964844
2019-03-01,138.35000610351562
2019-03-04,138.47999572753906
2019-03-05,138.77000427246094
2019-03-06,139.08999633789062
2019-03-07,138.24000549316406
2019-03-08,138.05999755859375
2019-03-11,138.55999755859375
2019-03-12,139.17999267578125
2019-03-13,139.41000366210938
2019-03-14,138.02000427246094
2019-03-15,137.60000610351562
2019-03-18,137.1699981689453
2019-03-19,138.44000244140625
2019-03-20,137.2899932861328
2019-03-21,138.10000610351562
2019-03-22,136.91000366210938
2019-03-25,136.61000061035156
2019-03-26,138.57000732421875
2019-03-27,138.6999969482422
2019-03-28,138.8800048828125
2019-03-29,139.7899932861328
2019-04-01,138.97999572753906
2019-04-02,137.7100067138672
2019-04-03,137.1699981689453
2019-04-04,135.57000732421875
2019-04-05,136.17999267578125
2019-04-08,136.13999938964844
2019-04-09,135.57000732421875
2019-04-10,135.5800018310547
2019-04-11,135.2100067138672
2019-04-12,135.97999572753906
2019-04-15,136.52000427246094
2019-04-16,138.02000427246094
2019-04-17,138.52000427246094
2019-04-18,137.52000427246094
2019-04-22,137.8300018310547
2019-04-23,139.89999389648438
2019-04-24,139.1999969482422
2019-04-25,139.64999389648438
2019-04-26,140.38999938964844
2019-04-29,139.83999633789062
2019-04-30,141.1999969482422
2019-05-01,141.9499969482422
2019-05-02,141.27999877929688
2019-05-03,142.00999450683594
2019-05-06,142.08999633789062
2019-05-07,139.97000122070312
2019-05-08,139.7899932861328
2019-05-09,138.72999572753906
2019-05-10,139.0500030517578
2019-05-13,137.1999969482422
2019-05-14,136.82000732421875
2019-05-15,136.91000366210938
2019-05-16,138.2100067138672
2019-05-17,138.61000061035156
2019-05-20,138.4199981689453
2019-05-21,138.1199951171875
2019-05-22,138.75999450683594
2019-05-23,139.7899932861328
2019-05-24,138.85000610351562
2019-05-28,137.07000732421875
2019-05-29,131.3300018310547
2019-05-30,132.11000061035156
2019-05-31,131.14999389648438
2019-06-03,131.44000244140625
2019-06-04,133.72999572753906
2019-06-05,134.3800048828125
2019-06-06,136.67999267578125
2019-06-07,138.5500030517578
2019-06-10,139.02000427246094
2019-06-11,139.77999877929688
2019-06-12,141.67999267578125
2019-06-13,140.7100067138672
2019-06-14,140.08999633789062
2019-06-17,139.44000244140625
2019-06-18,140.22999572753906
2019-06-19,140.4499969482422
2019-06-20,142.2100067138672
2019-06-21,142.08999633789062
2019-06-24,143.05999755859375
2019-06-25,144.24000549316406
2019-06-26,141.85000610351562
2019-06-27,140.69000244140625
2019-06-28,139.27999877929688
2019-07-01,139.36000061035156
2019-07-02,140.02999877929688
2019-07-03,142.13999938964844
2019-07-05,140.57000732421875
2019-07-08,140.97000122070312
2019-07-09,141.41000366210938
2019-07-10,141.2100067138672
2019-07-11,140.11000061035156
2019-07-12,134.3000030517578
2019-07-15,134.7100067138672
2019-07-16,132.5
2019-07-17,131.86000061035156
2019-07-18,132.07000732421875
2019-07-19,130.30999755859375
2019-07-22,128.63999938964844
2019-07-23,128.83999633789062
2019-07-24,129.77999877929688
2019-07-25,131.1199951171875
2019-07-26,130.72999572753906
2019-07-29,133.02000427246094
2019-07-30,132.0800018310547
2019-07-31,130.22000122070312
2019-08-01,130.2899932861328
2019-08-02,131.07000732421875
2019-08-05,130.16000366210938
2019-08-06,130.77000427246094
2019-08-07,130.2100067138672
2019-08-08,131.67999267578125
2019-08-09,132.0399932861328
2019-08-12,131.92999267578125
2019-08-13,133.4199981689453
2019-08-14,130.25999450683594
2019-08-15,130.5399932861328
2019-08-16,131.36000061035156
2019-08-19,132.25
2019-08-20,130.60000610351562
2019-08-21,131.52999877929688
2019-08-22,131.27000427246094
2019-08-23,127.7300033569336
2019-08-26,127.8000030517578
2019-08-27,129.63999938964844
2019-08-28,128.67999267578125
2019-08-29,128.24000549316406
2019-08-30,128.36000061035156
2019-09-03,128.74000549316406
2019-09-04,128.86000061035156
2019-09-05,128.5800018310547
2019-09-06,128.2100067138672
2019-09-09,126.9499969482422
2019-09-10,129.5500030517578
2019-09-11,131.1699981689453
2019-09-12,130.42999267578125
2019-09-13,130.77999877929688
2019-09-16,129.5399932861328
2019-09-17,129.6699981689453
2019-09-18,130.41000366210938
2019-09-19,130.11000061035156
2019-09-20,131.64999389648438
2019-09-23,131.74000549316406
2019-09-24,131.5500030517578
2019-09-25,130.99000549316406
2019-09-26,128.85000610351562
2019-09-27,128.60000610351562
2019-09-30,129.3800048828125
2019-10-01,129.99000549316406
2019-10-02,132.0
2019-10-03,131.19000244140625
2019-10-04,133.66000366210938
2019-10-07,133.16000366210938
2019-10-08,131.83999633789062
2019-10-09,129.22000122070312
2019-10-10,129.05999755859375
2019-10-11,131.3300018310547
2019-10-14,130.72000122070312
2019-10-15,132.83999633789062
2019-10-16,135.1699981689453
2019-10-17,136.1699981689453
2019-10-18,127.6999969482422
2019-10-21,128.02000427246094
2019-10-22,129.1999969482422
2019-10-23,129.89999389648438
2019-10-24,127.5
2019-10-25,128.35000610351562
2019-10-28,129.17999267578125
2019-10-29,129.1199951171875
2019-10-30,132.83999633789062
2019-10-31,132.0399932861328
2019-11-01,131.1999969482422
2019-11-04,130.22999572753906
2019-11-05,130.4199981689453
2019-11-06,130.9600067138672
2019-11-07,131.42999267578125
2019-11-08,133.0
2019-11-11,131.97999572753906
2019-11-12,131.35000610351562
2019-11-13,131.27000427246094
2019-11-14,130.9600067138672
2019-11-15,134.94000244140625
2019-11-18,134.8300018310547
2019-11-19,134.82000732421875
2019-11-20,135.94000244140625
2019-11-21,136.44000244140625
2019-11-22,138.07000732421875
2019-11-25,137.17999267578125
2019-11-26,137.1699981689453
2019-11-27,137.75
2019-11-29,137.49000549316406
2019-12-02,137.36000061035156
2019-12-03,137.16000366210938
2019-12-04,139.3800048828125
2019-12-05,139.55999755859375
2019-12-06,140.3800048828125
2019-12-09,140.5
2019-12-10,139.99000549316406
2019-12-11,140.97999572753906
2019-12-12,141.33999633789062
2019-12-13,141.3800048828125
2019-12-16,141.7899932861328
2019-12-17,143.55999755859375
2019-12-18,143.19000244140625
2019-12-19,145.35000610351562
2019-12-20,146.05999755859375
2019-12-23,146.44000244140625
2019-12-24,145.92999267578125
2019-12-26,145.8300018310547
2019-12-27,145.75
2019-12-30,145.3000030517578
2019-12-31,145.8699951171875
2020-01-02,145.97000122070312
2020-01-03,144.27999877929688
2020-01-06,144.10000610351562
2020-01-07,144.97999572753906
2020-01-08,144.9600067138672
2020-01-09,145.38999938964844
2020-01-10,145.05999755859375
2020-01-13,145.6999969482422
2020-01-14,146.52000427246094
2020-01-15,147.00999450683594
2020-01-16,148.1999969482422
2020-01-17,149.1699981689453
2020-01-21,149.27000427246094
2020-01-22,148.25
2020-01-23,148.52999877929688
2020-01-24,148.32000732421875
2020-01-27,148.75
2020-01-28,149.5
2020-01-29,150.5399932861328
2020-01-30,150.36000061035156
2020-01-31,148.8699951171875
2020-02-03,150.1699981689453
2020-02-04,151.60000610351562
2020-02-05,153.99000549316406
2020-02-06,153.52999877929688
2020-02-07,151.88999938964844
2020-02-10,151.86000061035156
2020-02-11,151.99000549316406
2020-02-12,151.08999633789062
2020-02-13,150.08999633789062
2020-02-14,150.1300048828125
2020-02-18,149.13999938964844
2020-02-19,148.94000244140625
2020-02-20,148.3699951171875
2020-02-21,149.92999267578125
2020-02-24,145.91000366210938
2020-02-25,144.64999389648438
2020-02-26,143.67999267578125
2020-02-27,139.1199951171875
2020-02-28,134.47999572753906
2020-03-02,140.02000427246094
2020-03-03,135.58999633789062
2020-03-04,143.47999572753906
2020-03-05,142.00999450683594
2020-03-06,142.02999877929688
2020-03-09,136.44000244140625
2020-03-10,141.63999938964844
2020-03-11,131.8000030517578
2020-03-12,125.41000366210938
2020-03-13,134.2899932861328
2020-03-16,127.12999725341795
2020-03-17,136.58999633789062
2020-03-18,134.9600067138672
2020-03-19,127.0500030517578
2020-03-20,119.88999938964844
2020-03-23,111.13999938964844
2020-03-24,119.18000030517578
2020-03-25,119.4000015258789
2020-03-26,126.56999969482422
2020-03-27,123.16000366210938
2020-03-30,133.00999450683594
2020-03-31,131.1300048828125
2020-04-01,128.80999755859375
2020-04-02,133.14999389648438
2020-04-03,134.1699981689453
2020-04-06,139.75999450683594
2020-04-07,137.47999572753906
2020-04-08,143.25999450683594
2020-04-09,141.22999572753906
2020-04-13,139.77000427246094
2020-04-14,146.02999877929688
2020-04-15,147.66000366210938
2020-04-16,149.6699981689453
2020-04-17,152.02000427246094
2020-04-20,151.6699981689453
2020-04-21,149.67999267578125
2020-04-22,152.99000549316406
2020-04-23,155.50999450683594
2020-04-24,154.86000061035156
2020-04-27,154.2899932861328
2020-04-28,151.38999938964844
2020-04-29,150.24000549316406
2020-04-30,150.0399932861328
2020-05-01,148.2899932861328
2020-05-04,148.27000427246094
2020-05-05,149.5
2020-05-06,148.0800018310547
2020-05-07,147.58999633789062
2020-05-08,148.6999969482422
2020-05-11,149.11000061035156
2020-05-12,147.13999938964844
2020-05-13,147.1300048828125
2020-05-14,147.63999938964844
2020-05-15,150.44000244140625
2020-05-18,150.52000427246094
2020-05-19,149.02000427246094
2020-05-20,147.67999267578125
2020-05-21,146.7100067138672
2020-05-22,144.3699951171875
2020-05-26,144.55999755859375
2020-05-27,144.88999938964844
2020-05-28,146.97000122070312
2020-05-29,148.75
2020-06-01,147.19000244140625
2020-06-02,148.25
2020-06-03,148.64999389648438
2020-06-04,146.72999572753906
2020-06-05,147.3000030517578
2020-06-08,146.77000427246094
2020-06-09,145.9600067138672
2020-06-10,147.8000030517578
2020-06-11,140.8699951171875
2020-06-12,142.14999389648438
2020-06-15,141.25
2020-06-16,144.4600067138672
2020-06-17,144.02000427246094
2020-06-18,143.41000366210938
2020-06-19,143.8300018310547
2020-06-22,143.38999938964844
2020-06-23,142.86000061035156
2020-06-24,139.82000732421875
2020-06-25,139.6699981689453
2020-06-26,137.80999755859375
2020-06-29,139.0399932861328
2020-06-30,140.6300048828125
2020-07-01,140.3800048828125
2020-07-02,140.97000122070312
2020-07-06,142.97999572753906
2020-07-07,142.85000610351562
2020-07-08,143.27000427246094
2020-07-09,142.49000549316406
2020-07-10,142.3699951171875
2020-07-13,145.2100067138672
2020-07-14,147.9199981689453
2020-07-15,148.25999450683594
2020-07-16,149.25
2020-07-17,149.35000610351562
2020-07-20,149.60000610351562
2020-07-21,149.74000549316406
2020-07-22,150.00999450683594
2020-07-23,149.61000061035156
2020-07-24,148.1199951171875
2020-07-27,147.17999267578125
2020-07-28,146.8300018310547
2020-07-29,146.5399932861328
2020-07-30,146.83999633789062
2020-07-31,145.75999450683594
2020-08-03,147.35000610351562
2020-08-04,147.22000122070312
2020-08-05,148.39999389648438
2020-08-06,147.5500030517578
2020-08-07,148.60000610351562
2020-08-10,148.02999877929688
2020-08-11,146.97000122070312
2020-08-12,149.66000366210938
2020-08-13,148.0
2020-08-14,148.24000549316406
2020-08-17,148.99000549316406
2020-08-18,150.08999633789062
2020-08-19,150.38999938964844
2020-08-20,151.4199981689453
2020-08-21,152.75999450683594
2020-08-24,152.14999389648438
2020-08-25,152.05999755859375
2020-08-26,152.3000030517578
2020-08-27,152.97999572753906
2020-08-28,153.63999938964844
2020-08-31,153.41000366210938
2020-09-01,151.52000427246094
2020-09-02,153.8300018310547
2020-09-03,149.5500030517578
2020-09-04,148.58999633789062
2020-09-08,147.25999450683594
2020-09-09,149.6999969482422
2020-09-10,146.91000366210938
2020-09-11,147.77999877929688
2020-09-14,148.35000610351562
2020-09-15,148.88999938964844
2020-09-16,148.39999389648438
2020-09-17,147.1699981689453
2020-09-18,149.17999267578125
2020-09-21,145.10000610351562
2020-09-22,144.2100067138672
2020-09-23,144.44000244140625
2020-09-24,144.6699981689453
2020-09-25,145.66000366210938
2020-09-28,147.11000061035156
2020-09-29,147.05999755859375
2020-09-30,148.8800048828125
2020-10-01,147.32000732421875
2020-10-02,146.24000549316406
2020-10-05,148.22999572753906
2020-10-06,146.25999450683594
2020-10-07,147.8800048828125
2020-10-08,148.88999938964844
2020-10-09,150.97000122070312
2020-10-12,151.83999633789062
2020-10-13,148.36000061035156
2020-10-14,148.10000610351562
2020-10-15,147.19000244140625
2020-10-16,148.10000610351562
2020-10-19,144.32000732421875
2020-10-20,144.5500030517578
2020-10-21,143.92999267578125
2020-10-22,145.0800018310547
2020-10-23,145.24000549316406
2020-10-26,143.97000122070312
2020-10-27,143.14999389648438
2020-10-28,138.36000061035156
2020-10-29,137.19000244140625
2020-10-30,137.11000061035156
2020-11-02,138.69000244140625
2020-11-03,138.5
2020-11-04,139.39999389648438
2020-11-05,139.75999450683594
2020-11-06,142.25
2020-11-09,146.0800018310547
2020-11-10,148.27999877929688
2020-11-11,147.8000030517578
2020-11-12,148.3000030517578
2020-11-13,149.89999389648438
2020-11-16,150.85000610351562
2020-11-17,149.35000610351562
2020-11-18,147.3699951171875
2020-11-19,147.13999938964844
2020-11-20,146.36000061035156
2020-11-23,143.8699951171875
2020-11-24,143.8699951171875
2020-11-25,143.67999267578125
2020-11-27,144.0
2020-11-30,144.67999267578125
2020-12-01,147.4499969482422
2020-12-02,148.13999938964844
2020-12-03,149.0
2020-12-04,150.27000427246094
2020-12-07,148.97000122070312
2020-12-08,151.5500030517578
2020-12-09,153.10000610351562
2020-12-10,152.25
2020-12-11,152.9499969482422
2020-12-14,149.07000732421875
2020-12-15,150.57000732421875
2020-12-16,149.6699981689453
2020-12-17,153.6199951171875
2020-12-18,154.50999450683594
2020-12-21,153.02000427246094
2020-12-22,152.72000122070312
2020-12-23,151.94000244140625
2020-12-24,152.47000122070312
2020-12-28,153.19000244140625
2020-12-29,154.13999938964844
2020-12-30,156.0500030517578
2020-12-31,157.3800048828125
2021-01-04,156.5
2021-01-05,158.33999633789062
2021-01-06,159.8300018310547
2021-01-07,160.3699951171875
2021-01-08,160.0399932861328
2021-01-11,159.3699951171875
2021-01-12,158.1300048828125
2021-01-13,157.88999938964844
2021-01-14,160.64999389648438
2021-01-15,160.3000030517578
2021-01-19,162.77999877929688
2021-01-20,162.3800048828125
2021-01-21,161.72999572753906
2021-01-22,163.5500030517578
2021-01-25,165.97999572753906
2021-01-26,170.47999572753906
2021-01-27,167.8800048828125
2021-01-28,169.16000366210938
2021-01-29,163.1300048828125
2021-02-01,162.7100067138672
2021-02-02,161.25
2021-02-03,160.5
2021-02-04,161.99000549316406
2021-02-05,164.4499969482422
2021-02-08,164.9199981689453
2021-02-09,166.27000427246094
2021-02-10,166.80999755859375
2021-02-11,166.05999755859375
2021-02-12,166.5800018310547
2021-02-16,165.07000732421875
2021-02-17,165.66000366210938
2021-02-18,165.74000549316406
2021-02-19,162.97999572753906
2021-02-22,161.8699951171875
2021-02-23,160.44000244140625
2021-02-24,162.58999633789062
2021-02-25,162.75999450683594
2021-02-26,158.4600067138672
2021-03-01,159.32000732421875
2021-03-02,159.02000427246094
2021-03-03,156.22000122070312
2021-03-04,153.07000732421875
2021-03-05,156.10000610351562
2021-03-08,157.39999389648438
2021-03-09,157.6999969482422
2021-03-10,159.14999389648438
2021-03-11,159.13999938964844
2021-03-12,159.60000610351562
2021-03-15,160.4199981689453
2021-03-16,161.3699951171875
2021-03-17,160.77000427246094
2021-03-18,160.47000122070312
2021-03-19,160.0399932861328
2021-03-22,160.5
2021-03-23,160.35000610351562
2021-03-24,161.91000366210938
2021-03-25,161.97000122070312
2021-03-26,164.92999267578125
2021-03-29,166.0399932861328
2021-03-30,165.00999450683594
2021-03-31,164.35000610351562
2021-04-01,162.8300018310547
2021-04-05,163.42999267578125
2021-04-06,163.38999938964844
2021-04-07,163.61000061035156
2021-04-08,162.97000122070312
2021-04-09,161.25
2021-04-12,161.63999938964844
2021-04-13,159.47999572753906
2021-04-14,159.9199981689453
2021-04-15,160.38999938964844
2021-04-16,162.24000549316406
2021-04-19,162.69000244140625
2021-04-20,166.47999572753906
2021-04-21,166.58999633789062
2021-04-22,165.17999267578125
2021-04-23,165.52000427246094
2021-04-26,164.1199951171875
2021-04-27,163.17999267578125
2021-04-28,161.97999572753906
2021-04-29,164.1999969482422
2021-04-30,162.72999572753906
2021-05-03,165.2100067138672
2021-05-04,167.77000427246094
2021-05-05,167.07000732421875
2021-05-06,167.74000549316406
2021-05-07,168.5
2021-05-10,170.27000427246094
2021-05-11,168.8800048828125
2021-05-12,168.1999969482422
2021-05-13,169.9600067138672
2021-05-14,170.22000122070312
2021-05-17,170.38999938964844
2021-05-18,170.4499969482422
2021-05-19,170.0800018310547
2021-05-20,171.07000732421875
2021-05-21,170.9600067138672
2021-05-24,170.5500030517578
2021-05-25,170.0800018310547
2021-05-26,169.07000732421875
2021-05-27,168.80999755859375
2021-05-28,169.25
2021-06-01,165.52999877929688
2021-06-02,166.1999969482422
2021-06-03,166.0399932861328
2021-06-04,165.97000122070312
2021-06-07,164.83999633789062
2021-06-08,163.38999938964844
2021-06-09,165.58999633789062
2021-06-10,167.0800018310547
2021-06-11,164.9600067138672
2021-06-14,165.3699951171875
2021-06-15,164.49000549316406
2021-06-16,164.42999267578125
2021-06-17,165.22000122070312
2021-06-18,161.97999572753906
2021-06-21,163.83999633789062
2021-06-22,163.6199951171875
2021-06-23,162.6300048828125
2021-06-24,163.3699951171875
2021-06-25,164.2100067138672
2021-06-28,164.02000427246094
2021-06-29,164.02999877929688
2021-06-30,164.74000549316406
2021-07-01,165.9600067138672
2021-07-02,168.97999572753906
2021-07-06,167.97000122070312
2021-07-07,169.41000366210938
2021-07-08,169.0800018310547
2021-07-09,169.75
2021-07-12,169.47999572753906
2021-07-13,169.27000427246094
2021-07-14,170.4199981689453
2021-07-15,168.3699951171875
2021-07-16,168.10000610351562
2021-07-19,166.8800048828125
2021-07-20,168.4499969482422
2021-07-21,169.49000549316406
2021-07-22,169.97999572753906
2021-07-23,171.7899932861328
2021-07-26,171.8699951171875
2021-07-27,172.66000366210938
2021-07-28,172.17999267578125
2021-07-29,172.17999267578125
2021-07-30,172.1999969482422
2021-08-02,172.27000427246094
2021-08-03,174.38999938964844
2021-08-04,173.36000061035156
2021-08-05,173.69000244140625
2021-08-06,173.11000061035156
2021-08-09,173.7100067138672
2021-08-10,173.77000427246094
2021-08-11,173.8000030517578
2021-08-12,175.1999969482422
2021-08-13,176.25
2021-08-16,177.83999633789062
2021-08-17,179.47000122070312
2021-08-18,177.19000244140625
2021-08-19,178.57000732421875
2021-08-20,179.44000244140625
2021-08-23,177.61000061035156
2021-08-24,175.38999938964844
2021-08-25,174.22999572753906
2021-08-26,173.3000030517578
2021-08-27,172.92999267578125
2021-08-30,173.66000366210938
2021-08-31,173.1300048828125
2021-09-01,173.74000549316406
2021-09-02,174.92999267578125
2021-09-03,175.0399932861328
2021-09-07,172.32000732421875
2021-09-08,171.89999389648438
2021-09-09,168.07000732421875
2021-09-10,166.97000122070312
2021-09-13,165.8000030517578
2021-09-14,164.8000030517578
2021-09-15,165.4199981689453
2021-09-16,165.22000122070312
2021-09-17,164.75
2021-09-20,163.80999755859375
2021-09-21,164.52999877929688
2021-09-22,163.92999267578125
2021-09-23,164.86000061035156
2021-09-24,164.36000061035156
2021-09-27,163.1699981689453
2021-09-28,162.80999755859375
2021-09-29,164.02000427246094
2021-09-30,161.5
2021-10-01,160.47000122070312
2021-10-04,159.22000122070312
2021-10-05,159.5800018310547
2021-10-06,159.91000366210938
2021-10-07,161.33999633789062
2021-10-08,160.92999267578125
2021-10-11,160.25
2021-10-12,157.69000244140625
2021-10-13,159.1999969482422
2021-10-14,160.11000061035156
2021-10-15,161.3000030517578
2021-10-18,160.1199951171875
2021-10-19,163.8699951171875
2021-10-20,163.77999877929688
2021-10-21,163.39999389648438
2021-10-22,163.72000122070312
2021-10-25,164.0800018310547
2021-10-26,165.75
2021-10-27,163.74000549316406
2021-10-28,162.85000610351562
2021-10-29,162.8800048828125
2021-11-01,163.02000427246094
2021-11-02,165.58999633789062
2021-11-03,165.05999755859375
2021-11-04,164.60000610351562
2021-11-05,163.42999267578125
2021-11-08,162.8699951171875
2021-11-09,162.50999450683594
2021-11-10,164.27000427246094
2021-11-11,163.05999755859375
2021-11-12,165.00999450683594
2021-11-15,163.52000427246094
2021-11-16,162.6699981689453
2021-11-17,163.27999877929688
2021-11-18,162.39999389648438
2021-11-19,162.88999938964844
2021-11-22,159.6999969482422
2021-11-23,160.69000244140625
2021-11-24,160.24000549316406
2021-11-26,159.1999969482422
2021-11-29,159.75
2021-11-30,155.92999267578125
2021-12-01,158.0800018310547
2021-12-02,157.08999633789062
2021-12-03,159.3800048828125
2021-12-06,162.94000244140625
2021-12-07,163.36000061035156
2021-12-08,164.33999633789062
2021-12-09,165.89999389648438
2021-12-10,165.49000549316406
2021-12-13,168.4499969482422
2021-12-14,170.2899932861328
2021-12-15,171.13999938964844
2021-12-16,173.00999450683594
2021-12-17,168.22999572753906
2021-12-20,167.75
2021-12-21,167.2100067138672
2021-12-22,167.92999267578125
2021-12-23,168.25
2021-12-27,169.6699981689453
2021-12-28,170.35000610351562
2021-12-29,171.5500030517578
2021-12-30,172.30999755859375
2021-12-31,171.07000732421875
2022-01-03,171.5399932861328
2022-01-04,171.0800018310547
2022-01-05,172.22000122070312
2022-01-06,171.6300048828125
2022-01-07,173.9499969482422
2022-01-10,173.08999633789062
2022-01-11,171.25
2022-01-12,169.7899932861328
2022-01-13,168.75999450683594
2022-01-14,167.83999633789062
2022-01-18,167.10000610351562
2022-01-19,166.5800018310547
2022-01-20,165.25
2022-01-21,164.8699951171875
2022-01-24,162.97000122070312
2022-01-25,167.6300048828125
2022-01-26,168.3800048828125
2022-01-27,170.58999633789062
2022-01-28,171.7899932861328
2022-01-31,172.2899932861328
2022-02-01,170.8800048828125
2022-02-02,172.77000427246094
2022-02-03,172.75999450683594
2022-02-04,171.6300048828125
2022-02-07,171.05999755859375
2022-02-08,171.50999450683594
2022-02-09,171.49000549316406
2022-02-10,169.4199981689453
2022-02-11,167.7100067138672
2022-02-14,165.60000610351562
2022-02-15,167.30999755859375
2022-02-16,167.2100067138672
2022-02-17,166.19000244140625
2022-02-18,163.36000061035156
2022-02-22,161.13999938964844
2022-02-23,161.22000122070312
2022-02-24,158.13999938964844
2022-02-25,166.0
2022-02-28,164.57000732421875
2022-03-01,164.0
2022-03-02,166.0399932861328
2022-03-03,168.47999572753906
2022-03-04,169.47999572753906
2022-03-07,172.2100067138672
2022-03-08,168.72000122070312
2022-03-09,169.36000061035156
2022-03-10,169.66000366210938
2022-03-11,169.35000610351562
2022-03-14,171.69000244140625
2022-03-15,176.13999938964844
2022-03-16,174.52000427246094
2022-03-17,176.8000030517578
2022-03-18,174.83999633789062
2022-03-21,175.8300018310547
2022-03-22,175.0
2022-03-23,174.33999633789062
2022-03-24,175.24000549316406
2022-03-25,176.9199981689453
2022-03-28,177.8300018310547
2022-03-29,177.74000549316406
2022-03-30,179.58999633789062
2022-03-31,177.22999572753906
2022-04-01,178.19000244140625
2022-04-04,176.47000122070312
2022-04-05,177.61000061035156
2022-04-06,182.22999572753903
2022-04-07,181.75999450683597
2022-04-08,182.1199951171875
2022-04-11,179.83999633789062
2022-04-12,179.89999389648438
2022-04-13,180.66000366210935
2022-04-14,179.89999389648438
2022-04-18,177.66000366210938
2022-04-19,183.0800018310547
2022-04-20,183.88999938964844
2022-04-21,183.3600006103516
2022-04-22,181.5399932861328
2022-04-25,186.00999450683597
2022-04-26,184.67999267578125
2022-04-27,182.1000061035156
2022-04-28,183.4600067138672
2022-04-29,180.4600067138672
2022-05-02,178.63999938964844
2022-05-03,178.2899932861328
2022-05-04,180.1999969482422
2022-05-05,176.75999450683594
2022-05-06,176.3699951171875
2022-05-09,177.3300018310547
2022-05-10,177.08999633789062
2022-05-11,176.1300048828125
2022-05-12,177.8699951171875
2022-05-13,176.85000610351562
2022-05-16,178.0800018310547
2022-05-17,178.82000732421875
2022-05-18,175.5
2022-05-19,173.94000244140625
2022-05-20,176.97999572753906
2022-05-23,179.44000244140625
2022-05-24,181.3999938964844
2022-05-25,179.6199951171875
2022-05-26,179.4600067138672
2022-05-27,181.08999633789065
2022-05-31,179.52999877929688
2022-06-01,177.7100067138672
2022-06-02,177.14999389648438
2022-06-03,176.4199981689453
2022-06-06,176.39999389648438
2022-06-07,178.33999633789062
2022-06-08,177.27999877929688
2022-06-09,173.7100067138672
2022-06-10,172.5500030517578
2022-06-13,170.80999755859375
2022-06-14,168.19000244140625
2022-06-15,169.99000549316406
2022-06-16,170.0800018310547
2022-06-17,169.4600067138672
2022-06-21,173.00999450683594
2022-06-22,175.74000549316406
2022-06-23,179.66000366210938
2022-06-24,182.2899932861328
2022-06-27,182.1199951171875
2022-06-28,176.94000244140625
2022-06-29,176.99000549316406
2022-06-30,177.50999450683594
2022-07-01,179.52000427246094
2022-07-05,178.13999938964844
2022-07-06,178.3000030517578
2022-07-07,178.5
2022-07-08,178.27999877929688
2022-07-11,178.35000610351562
2022-07-12,175.85000610351562
2022-07-13,175.44000244140625
2022-07-14,175.67999267578125
2022-07-15,178.22999572753906
2022-07-18,174.22999572753906
2022-07-19,171.69000244140625
2022-07-20,170.7100067138672
2022-07-21,171.30999755859375
2022-07-22,172.1199951171875
2022-07-25,172.4600067138672
2022-07-26,173.67999267578125
2022-07-27,173.1999969482422
2022-07-28,174.1999969482422
2022-07-29,174.52000427246094
2022-08-01,173.91000366210938
2022-08-02,172.9199981689453
2022-08-03,174.58999633789062
2022-08-04,171.7899932861328
2022-08-05,171.11000061035156
2022-08-08,170.1999969482422
2022-08-09,170.17999267578125
2022-08-10,170.6699981689453
2022-08-11,167.13999938964844
2022-08-12,165.3000030517578
2022-08-15,166.08999633789062
2022-08-16,167.57000732421875
2022-08-17,167.5800018310547
2022-08-18,166.77000427246094
2022-08-19,169.30999755859375
2022-08-22,167.58999633789062
2022-08-23,166.1300048828125
2022-08-24,165.5800018310547
2022-08-25,167.1300048828125
2022-08-26,164.27000427246094
2022-08-29,163.0
2022-08-30,162.42999267578125
2022-08-31,161.33999633789062
2022-09-01,165.33999633789062
2022-09-02,162.74000549316406
2022-09-06,163.17999267578125
2022-09-07,164.07000732421875
2022-09-08,165.38999938964844
2022-09-09,165.7100067138672
2022-09-12,165.63999938964844
2022-09-13,161.3300018310547
2022-09-14,164.66000366210938
2022-09-15,165.0800018310547
2022-09-16,167.60000610351562
2022-09-19,166.27999877929688
2022-09-20,164.97000122070312
2022-09-21,163.27999877929688
2022-09-22,166.17999267578125
2022-09-23,166.72000122070312
2022-09-26,165.6999969482422
2022-09-27,164.94000244140625
2022-09-28,166.36000061035156
2022-09-29,164.52999877929688
2022-09-30,163.36000061035156
2022-10-03,163.1999969482422
2022-10-04,165.6199951171875
2022-10-05,165.11000061035156
2022-10-06,161.91000366210938
2022-10-07,160.1999969482422
2022-10-10,160.41000366210938
2022-10-11,162.72999572753906
2022-10-12,162.69000244140625
2022-10-13,165.14999389648438
2022-10-14,164.4600067138672
2022-10-17,166.58999633789062
2022-10-18,166.00999450683594
2022-10-19,164.69000244140625
2022-10-20,165.11000061035156
2022-10-21,168.7100067138672
2022-10-24,170.97999572753906
2022-10-25,170.7100067138672
2022-10-26,172.2100067138672
2022-10-27,172.30999755859375
2022-10-28,174.8699951171875
2022-10-31,173.97000122070312
2022-11-01,173.08999633789062
2022-11-02,170.42999267578125
2022-11-03,170.72000122070312
2022-11-04,171.47999572753906
2022-11-07,172.97999572753906
2022-11-08,173.83999633789062
2022-11-09,172.4499969482422
2022-11-10,174.47000122070312
2022-11-11,169.25
